FID,SHAPE,NAME,SE_SDO_ROWID,SE_ANNO_CAD_DATA
TRINKBRUNNENOGD.538777,POINT (16.280833390580796 48.206925258335495),Auslaufbrunnen,538777,
TRINKBRUNNENOGD.538778,POINT (16.26508720789064 48.207300356268384),Auslaufbrunnen,538778,
TRINKBRUNNENOGD.538779,POINT (16.41556759319453 48.2052462029321),Auslaufbrunnen,538779,
TRINKBRUNNENOGD.538780,POINT (16.43290235268498 48.20249852876523),Auslaufbrunnen,538780,
TRINKBRUNNENOGD.538781,POINT (16.485723750388154 48.20237503526802),Auslaufbrunnen,538781,
TRINKBRUNNENOGD.538782,POINT (16.474253253802488 48.205590202514934),Auslaufbrunnen,538782,
TRINKBRUNNENOGD.538783,POINT (16.476412856440973 48.2059900311393),Auslaufbrunnen,538783,
TRINKBRUNNENOGD.538784,POINT (16.36543724203992 48.21189795900232),Auslaufbrunnen,538784,
TRINKBRUNNENOGD.538790,POINT (16.362551782563486 48.225770261251135),Auslaufbrunnen,538790,
TRINKBRUNNENOGD.538791,POINT (16.4233584839309 48.22631344500725),Auslaufbrunnen,538791,
TRINKBRUNNENOGD.538792,POINT (16.422334752563515 48.229351455393044),Auslaufbrunnen,538792,
TRINKBRUNNENOGD.538793,POINT (16.421084407576597 48.23427505230634),Auslaufbrunnen,538793,
TRINKBRUNNENOGD.538794,POINT (16.28158603979285 48.24206154787553),Auslaufbrunnen,538794,
TRINKBRUNNENOGD.538795,POINT (16.273822022832572 48.242508298651494),Auslaufbrunnen,538795,
TRINKBRUNNENOGD.538796,POINT (16.308215934231196 48.23557448623858),Auslaufbrunnen,538796,
TRINKBRUNNENOGD.538797,POINT (16.2972924520886 48.23785890619244),Auslaufbrunnen,538797,
TRINKBRUNNENOGD.538798,POINT (16.34162411192442 48.24262127331233),Auslaufbrunnen,538798,
TRINKBRUNNENOGD.538799,POINT (16.41550682381815 48.24709775484307),Auslaufbrunnen,538799,
TRINKBRUNNENOGD.538800,POINT (16.402759964865293 48.24713652304281),Auslaufbrunnen,538800,
TRINKBRUNNENOGD.538801,POINT (16.418557074597576 48.245833872216394),Auslaufbrunnen,538801,
TRINKBRUNNENOGD.538802,POINT (16.417947542694453 48.25325137781647),Auslaufbrunnen,538802,
TRINKBRUNNENOGD.538803,POINT (16.472088059310433 48.257253265062744),Auslaufbrunnen,538803,
TRINKBRUNNENOGD.538804,POINT (16.47095657928843 48.25762583332687),Auslaufbrunnen,538804,
TRINKBRUNNENOGD.538805,POINT (16.49849890752731 48.255416679016214),Auslaufbrunnen,538805,
TRINKBRUNNENOGD.538806,POINT (16.491455108565344 48.25919029764399),Auslaufbrunnen,538806,
TRINKBRUNNENOGD.538807,POINT (16.46208386749851 48.25745100223346),Auslaufbrunnen,538807,
TRINKBRUNNENOGD.538808,POINT (16.461444115968998 48.260292082180996),Auslaufbrunnen,538808,
TRINKBRUNNENOGD.538809,POINT (16.500949961115953 48.25624451294978),Auslaufbrunnen,538809,
TRINKBRUNNENOGD.538810,POINT (16.4000831081478 48.278222307368786),Auslaufbrunnen,538810,
TRINKBRUNNENOGD.538811,POINT (16.445035313723505 48.26174041542817),Auslaufbrunnen,538811,
TRINKBRUNNENOGD.538812,POINT (16.339655773232522 48.271864619943464),Auslaufbrunnen,538812,
TRINKBRUNNENOGD.538813,POINT (16.38068314129616 48.27881908022768),Auslaufbrunnen,538813,
TRINKBRUNNENOGD.538814,POINT (16.36339927796041 48.2128666845583),Auslaufbrunnen,538814,
TRINKBRUNNENOGD.538815,POINT (16.339128119896277 48.20272681735345),Auslaufbrunnen,538815,
TRINKBRUNNENOGD.538816,POINT (16.25365879316164 48.14507349535059),Auslaufbrunnen,538816,
TRINKBRUNNENOGD.538817,POINT (16.372434205527952 48.2109689343255),Auslaufbrunnen,538817,
TRINKBRUNNENOGD.538818,POINT (16.25063154165905 48.213451029467485),Auslaufbrunnen,538818,
TRINKBRUNNENOGD.538819,POINT (16.37073311993508 48.20813016092509),Auslaufbrunnen,538819,
TRINKBRUNNENOGD.538820,POINT (16.335896002065244 48.20178306756394),Auslaufbrunnen,538820,
TRINKBRUNNENOGD.538821,POINT (16.35820616994986 48.20983834101387),Auslaufbrunnen,538821,
TRINKBRUNNENOGD.538822,POINT (16.317958188478237 48.21440006633144),Auslaufbrunnen,538822,
TRINKBRUNNENOGD.538823,POINT (16.262093171780737 48.21007070607003),Auslaufbrunnen,538823,
TRINKBRUNNENOGD.538824,POINT (16.363363199321395 48.20615079416905),Auslaufbrunnen,538824,
TRINKBRUNNENOGD.538825,POINT (16.309567663074002 48.25711547991654),Auslaufbrunnen,538825,
TRINKBRUNNENOGD.538826,POINT (16.346481508905093 48.260366552602996),Auslaufbrunnen,538826,
TRINKBRUNNENOGD.538827,POINT (16.367410955317446 48.25785825170348),Auslaufbrunnen,538827,
TRINKBRUNNENOGD.538828,POINT (16.465794247812546 48.210757917914535),Auslaufbrunnen,538828,
TRINKBRUNNENOGD.538829,POINT (16.4059837124786 48.21023078576543),Auslaufbrunnen,538829,
TRINKBRUNNENOGD.538830,POINT (16.400772284022754 48.212947257497255),Auslaufbrunnen,538830,
TRINKBRUNNENOGD.538831,POINT (16.448848007403722 48.213670271333136),Auslaufbrunnen,538831,
TRINKBRUNNENOGD.538832,POINT (16.45566540373338 48.21062150395529),Auslaufbrunnen,538832,
TRINKBRUNNENOGD.538833,POINT (16.473830574242033 48.2113717951139),Auslaufbrunnen,538833,
TRINKBRUNNENOGD.538834,POINT (16.478316299004298 48.20987616270873),Auslaufbrunnen,538834,
TRINKBRUNNENOGD.538835,POINT (16.529713554807657 48.21290803706385),Auslaufbrunnen,538835,
TRINKBRUNNENOGD.538836,POINT (16.334906460104516 48.21915489822967),Auslaufbrunnen,538836,
TRINKBRUNNENOGD.538837,POINT (16.344355632228716 48.22490017715594),Auslaufbrunnen,538837,
TRINKBRUNNENOGD.538838,POINT (16.451902551651266 48.22125994574648),Auslaufbrunnen,538838,
TRINKBRUNNENOGD.538839,POINT (16.53303081433875 48.21993649880238),Auslaufbrunnen,538839,
TRINKBRUNNENOGD.538840,POINT (16.483780487074384 48.217706640131624),Auslaufbrunnen,538840,
TRINKBRUNNENOGD.538841,POINT (16.492357414316775 48.217416601469125),Auslaufbrunnen,538841,
TRINKBRUNNENOGD.538842,POINT (16.358663616522524 48.21143258598651),Auslaufbrunnen,538842,
TRINKBRUNNENOGD.538843,POINT (16.28379729368214 48.22678247072503),Auslaufbrunnen,538843,
TRINKBRUNNENOGD.538844,POINT (16.291445305755865 48.23321012388821),Auslaufbrunnen,538844,
TRINKBRUNNENOGD.538845,POINT (16.29886522783139 48.2309870687344),Auslaufbrunnen,538845,
TRINKBRUNNENOGD.538846,POINT (16.440390529860455 48.227092935218145),Auslaufbrunnen,538846,
TRINKBRUNNENOGD.538847,POINT (16.319408269268195 48.24553204177254),Auslaufbrunnen,538847,
TRINKBRUNNENOGD.538848,POINT (16.323870385525883 48.250807512205),Auslaufbrunnen,538848,
TRINKBRUNNENOGD.538849,POINT (16.393247359166363 48.21806382161391),Auslaufbrunnen,538849,
TRINKBRUNNENOGD.538850,POINT (16.45834469283992 48.17818667595331),Auslaufbrunnen,538850,
TRINKBRUNNENOGD.538851,POINT (16.462656593590655 48.1769437377156),Auslaufbrunnen,538851,
TRINKBRUNNENOGD.538852,POINT (16.255810146311397 48.1596326491518),Auslaufbrunnen,538852,
TRINKBRUNNENOGD.538853,POINT (16.450686683829268 48.194269634013104),Auslaufbrunnen,538853,
TRINKBRUNNENOGD.538854,POINT (16.276847294473068 48.17300611615536),Auslaufbrunnen,538854,
TRINKBRUNNENOGD.538855,POINT (16.486348703851647 48.25132236904022),Auslaufbrunnen,538855,
TRINKBRUNNENOGD.538856,POINT (16.32999196720437 48.178867700502835),Auslaufbrunnen,538856,
TRINKBRUNNENOGD.538857,POINT (16.48526788809506 48.22086716764127),Auslaufbrunnen,538857,
TRINKBRUNNENOGD.538858,POINT (16.381990947895233 48.21352376509425),Auslaufbrunnen,538858,
TRINKBRUNNENOGD.538859,POINT (16.438722559924194 48.19296240959285),Auslaufbrunnen,538859,
TRINKBRUNNENOGD.538860,POINT (16.24792645772263 48.219932313534706),Auslaufbrunnen,538860,
TRINKBRUNNENOGD.538861,POINT (16.461989386034702 48.259976419418535),Auslaufbrunnen,538861,
TRINKBRUNNENOGD.538862,POINT (16.387436683840946 48.21948827173224),Auslaufbrunnen,538862,
TRINKBRUNNENOGD.538863,POINT (16.31217990414031 48.21226379782298),Auslaufbrunnen,538863,
TRINKBRUNNENOGD.538864,POINT (16.494579958865558 48.194251035547985),Auslaufbrunnen,538864,
TRINKBRUNNENOGD.538865,POINT (16.377176339259922 48.20874999851599),Auslaufbrunnen,538865,
TRINKBRUNNENOGD.538866,POINT (16.28769616166106 48.18569660938211),Auslaufbrunnen,538866,
TRINKBRUNNENOGD.538867,POINT (16.398584053604583 48.21394052478201),Auslaufbrunnen,538867,
TRINKBRUNNENOGD.538868,POINT (16.288809173763614 48.215655930152025),Auslaufbrunnen,538868,
TRINKBRUNNENOGD.538869,POINT (16.377310685149897 48.208897232527384),Auslaufbrunnen,538869,
TRINKBRUNNENOGD.538870,POINT (16.50442082438961 48.23842468661449),Auslaufbrunnen,538870,
TRINKBRUNNENOGD.538871,POINT (16.413906929887293 48.22893151795838),Auslaufbrunnen,538871,
TRINKBRUNNENOGD.538872,POINT (16.335065648146607 48.213844138670694),Auslaufbrunnen,538872,
TRINKBRUNNENOGD.538873,POINT (16.397060278423385 48.20887643734242),Auslaufbrunnen,538873,
TRINKBRUNNENOGD.538874,POINT (16.45691621151401 48.21584873548162),Auslaufbrunnen,538874,
TRINKBRUNNENOGD.538875,POINT (16.458382926473895 48.21301163800651),Auslaufbrunnen,538875,
TRINKBRUNNENOGD.538876,POINT (16.463307949412894 48.21208512154557),Auslaufbrunnen,538876,
TRINKBRUNNENOGD.538877,POINT (16.344759097947748 48.28714641768246),Auslaufbrunnen,538877,
TRINKBRUNNENOGD.538878,POINT (16.38864855753832 48.28521634440876),Auslaufbrunnen,538878,
TRINKBRUNNENOGD.538879,POINT (16.48966030501449 48.22648799514954),Auslaufbrunnen,538879,
TRINKBRUNNENOGD.538880,POINT (16.383411465463773 48.14946215018275),Auslaufbrunnen,538880,
TRINKBRUNNENOGD.538881,POINT (16.40063822616606 48.16614047950879),Auslaufbrunnen,538881,
TRINKBRUNNENOGD.538882,POINT (16.25710268949822 48.18760855355202),Auslaufbrunnen,538882,
TRINKBRUNNENOGD.538883,POINT (16.399163339787496 48.19439377330025),Auslaufbrunnen,538883,
TRINKBRUNNENOGD.538884,POINT (16.411315410825154 48.197175484133254),Auslaufbrunnen,538884,
TRINKBRUNNENOGD.538885,POINT (16.413393157723142 48.191419306366434),Auslaufbrunnen,538885,
TRINKBRUNNENOGD.538886,POINT (16.255531551523532 48.20720826598645),Auslaufbrunnen,538886,
TRINKBRUNNENOGD.538887,POINT (16.331601187384646 48.212407991521665),Auslaufbrunnen,538887,
TRINKBRUNNENOGD.538888,POINT (16.28512147683651 48.21437286632664),Auslaufbrunnen,538888,
TRINKBRUNNENOGD.538889,POINT (16.3209838644978 48.22437482944122),Auslaufbrunnen,538889,
TRINKBRUNNENOGD.538890,POINT (16.282038193304786 48.21678297665138),Auslaufbrunnen,538890,
TRINKBRUNNENOGD.538891,POINT (16.295097215163995 48.24643354779716),Auslaufbrunnen,538891,
TRINKBRUNNENOGD.538892,POINT (16.497438272987807 48.25109707319894),Auslaufbrunnen,538892,
TRINKBRUNNENOGD.538893,POINT (16.48659291035277 48.25132177259636),Auslaufbrunnen,538893,
TRINKBRUNNENOGD.538894,POINT (16.32153816419271 48.25552808286953),Auslaufbrunnen,538894,
TRINKBRUNNENOGD.538895,POINT (16.458943758778013 48.216386086193204),Auslaufbrunnen,538895,
TRINKBRUNNENOGD.538896,POINT (16.457811874493796 48.218291772935196),Auslaufbrunnen,538896,
TRINKBRUNNENOGD.538897,POINT (16.42645387969103 48.221396995979056),Auslaufbrunnen,538897,
TRINKBRUNNENOGD.538898,POINT (16.44572432462461 48.21795185634721),Auslaufbrunnen,538898,
TRINKBRUNNENOGD.538899,POINT (16.425837068461274 48.224529885061486),Auslaufbrunnen,538899,
TRINKBRUNNENOGD.538900,POINT (16.36668854962307 48.22717337048005),Auslaufbrunnen,538900,
TRINKBRUNNENOGD.538901,POINT (16.416552490014755 48.217779176226486),Auslaufbrunnen,538901,
TRINKBRUNNENOGD.538902,POINT (16.39983450019164 48.27819357778195),Auslaufbrunnen,538902,
TRINKBRUNNENOGD.538903,POINT (16.414138109061362 48.225031621849496),Auslaufbrunnen,538903,
TRINKBRUNNENOGD.538904,POINT (16.382146894652124 48.182018037263006),Auslaufbrunnen,538904,
TRINKBRUNNENOGD.538905,POINT (16.386083308082355 48.242718384646196),Auslaufbrunnen,538905,
TRINKBRUNNENOGD.538906,POINT (16.417041011235973 48.22253216823118),Auslaufbrunnen,538906,
TRINKBRUNNENOGD.538907,POINT (16.383724145523377 48.18009003007778),Auslaufbrunnen,538907,
TRINKBRUNNENOGD.538908,POINT (16.470289847683034 48.19108562431149),Auslaufbrunnen,538908,
TRINKBRUNNENOGD.538909,POINT (16.33334566671437 48.21434714570138),Auslaufbrunnen,538909,
TRINKBRUNNENOGD.538910,POINT (16.43312168799487 48.20587321611565),Auslaufbrunnen,538910,
TRINKBRUNNENOGD.538911,POINT (16.430102239473307 48.20798789920941),Auslaufbrunnen,538911,
TRINKBRUNNENOGD.538912,POINT (16.402800386798706 48.233508764480966),Auslaufbrunnen,538912,
TRINKBRUNNENOGD.538913,POINT (16.38307638193734 48.17905701611523),Auslaufbrunnen,538913,
TRINKBRUNNENOGD.538914,POINT (16.413878912258127 48.219703450103694),Auslaufbrunnen,538914,
TRINKBRUNNENOGD.538915,POINT (16.405307753544548 48.230994148619104),Auslaufbrunnen,538915,
TRINKBRUNNENOGD.538916,POINT (16.411581547722285 48.22152825876227),Auslaufbrunnen,538916,
TRINKBRUNNENOGD.538917,POINT (16.335905072586495 48.210496611228),Auslaufbrunnen,538917,
TRINKBRUNNENOGD.538918,POINT (16.403038237645866 48.22810692777952),Auslaufbrunnen,538918,
TRINKBRUNNENOGD.538919,POINT (16.381238613636032 48.17832503748819),Auslaufbrunnen,538919,
TRINKBRUNNENOGD.538920,POINT (16.351974083668342 48.19391421864861),Auslaufbrunnen,538920,
TRINKBRUNNENOGD.538921,POINT (16.349449252695432 48.22440062418192),Auslaufbrunnen,538921,
TRINKBRUNNENOGD.538922,POINT (16.394650256427234 48.3001589838054),Auslaufbrunnen,538922,
TRINKBRUNNENOGD.538923,POINT (16.402282094038974 48.30865278426078),Auslaufbrunnen,538923,
TRINKBRUNNENOGD.538924,POINT (16.265747109820268 48.2212406477316),Auslaufbrunnen,538924,
TRINKBRUNNENOGD.538925,POINT (16.25542680011075 48.17852208385893),Auslaufbrunnen,538925,
TRINKBRUNNENOGD.538926,POINT (16.350272273529765 48.28186134697879),Auslaufbrunnen,538926,
TRINKBRUNNENOGD.538927,POINT (16.372427417859342 48.246646505353816),Auslaufbrunnen,538927,
TRINKBRUNNENOGD.538928,POINT (16.39916043449316 48.25640244653281),Auslaufbrunnen,538928,
TRINKBRUNNENOGD.538929,POINT (16.436466716594925 48.18863270774263),Auslaufbrunnen,538929,
TRINKBRUNNENOGD.538930,POINT (16.46855543819484 48.15978685437469),Auslaufbrunnen,538930,
TRINKBRUNNENOGD.538931,POINT (16.354327799498172 48.2772022402812),Auslaufbrunnen,538931,
TRINKBRUNNENOGD.538932,POINT (16.352803341423854 48.27953030086507),Auslaufbrunnen,538932,
TRINKBRUNNENOGD.538933,POINT (16.336601741224182 48.27519482864341),Auslaufbrunnen,538933,
TRINKBRUNNENOGD.538934,POINT (16.27023645769188 48.24440890349488),Auslaufbrunnen,538934,
TRINKBRUNNENOGD.538935,POINT (16.25297557721637 48.19830933923793),Auslaufbrunnen,538935,
TRINKBRUNNENOGD.538936,POINT (16.434176422765997 48.2433029714938),Auslaufbrunnen,538936,
TRINKBRUNNENOGD.538937,POINT (16.470801576703867 48.208411773691864),Auslaufbrunnen,538937,
TRINKBRUNNENOGD.538938,POINT (16.32787703978656 48.21567705450714),Auslaufbrunnen,538938,
TRINKBRUNNENOGD.538939,POINT (16.383833042586936 48.30272772009335),Auslaufbrunnen,538939,
TRINKBRUNNENOGD.538940,POINT (16.285674711019475 48.21733101618896),Auslaufbrunnen,538940,
TRINKBRUNNENOGD.538941,POINT (16.35955271316954 48.210971106503024),Auslaufbrunnen,538941,
TRINKBRUNNENOGD.538942,POINT (16.42210003959612 48.24435442705353),Auslaufbrunnen,538942,
TRINKBRUNNENOGD.538943,POINT (16.364757163224102 48.21412920217817),Auslaufbrunnen,538943,
TRINKBRUNNENOGD.538944,POINT (16.372943384847922 48.25554360397768),Auslaufbrunnen,538944,
TRINKBRUNNENOGD.538945,POINT (16.493995211472264 48.22567538946415),Auslaufbrunnen,538945,
TRINKBRUNNENOGD.538946,POINT (16.397997815955137 48.21695786678992),Auslaufbrunnen,538946,
TRINKBRUNNENOGD.538947,POINT (16.29104903219505 48.159217617367176),Auslaufbrunnen,538947,
TRINKBRUNNENOGD.538948,POINT (16.322788815110812 48.197308964566695),Auslaufbrunnen,538948,
TRINKBRUNNENOGD.538949,POINT (16.324752739901406 48.19729531495355),Auslaufbrunnen,538949,
TRINKBRUNNENOGD.538950,POINT (16.32078682137658 48.19792061936959),Auslaufbrunnen,538950,
TRINKBRUNNENOGD.538951,POINT (16.344610387439165 48.22567489138332),Auslaufbrunnen,538951,
TRINKBRUNNENOGD.538952,POINT (16.40970019618057 48.196762042845656),Auslaufbrunnen,538952,
TRINKBRUNNENOGD.538953,POINT (16.40970019618057 48.196762042845656),Auslaufbrunnen,538953,
TRINKBRUNNENOGD.538954,POINT (16.3974065543003 48.136942360232105),Auslaufbrunnen,538954,
TRINKBRUNNENOGD.538955,POINT (16.268874013141662 48.245233233514874),Auslaufbrunnen,538955,
TRINKBRUNNENOGD.538956,POINT (16.364827552425584 48.21411944767918),Auslaufbrunnen,538956,
TRINKBRUNNENOGD.538957,POINT (16.358413231008907 48.20926605081602),Auslaufbrunnen,538957,
TRINKBRUNNENOGD.538958,POINT (16.33892376149792 48.21167405781227),Auslaufbrunnen,538958,
TRINKBRUNNENOGD.538959,POINT (16.414913375035844 48.24363445896519),Auslaufbrunnen,538959,
TRINKBRUNNENOGD.538960,POINT (16.411154072419727 48.16932868004814),Auslaufbrunnen,538960,
TRINKBRUNNENOGD.538961,POINT (16.253155672046386 48.198470471688715),Auslaufbrunnen,538961,
TRINKBRUNNENOGD.538962,POINT (16.45054908161278 48.21316356486897),Auslaufbrunnen,538962,
TRINKBRUNNENOGD.538963,POINT (16.19664960780091 48.22937672134268),Auslaufbrunnen,538963,
TRINKBRUNNENOGD.538964,POINT (16.44349244667321 48.19876117242448),Auslaufbrunnen,538964,
TRINKBRUNNENOGD.538965,POINT (16.393882862743418 48.21655728649247),Auslaufbrunnen,538965,
TRINKBRUNNENOGD.538966,POINT (16.358664299354622 48.209279499565355),Auslaufbrunnen,538966,
TRINKBRUNNENOGD.538967,POINT (16.275651596859724 48.2177699282403),Auslaufbrunnen,538967,
TRINKBRUNNENOGD.538968,POINT (16.412645860747645 48.22056517438636),Auslaufbrunnen,538968,
TRINKBRUNNENOGD.538969,POINT (16.26110252917051 48.1955308552353),Auslaufbrunnen,538969,
TRINKBRUNNENOGD.538970,POINT (16.34157112437841 48.189709182922414),Auslaufbrunnen,538970,
TRINKBRUNNENOGD.538971,POINT (16.377876219304262 48.20436659522349),Auslaufbrunnen,538971,
TRINKBRUNNENOGD.538972,POINT (16.37773356399805 48.20422087832271),Auslaufbrunnen,538972,
TRINKBRUNNENOGD.538973,POINT (16.370722020920198 48.19885362429136),Auslaufbrunnen,538973,
TRINKBRUNNENOGD.538974,POINT (16.42033421890545 48.215046114295255),Auslaufbrunnen,538974,
TRINKBRUNNENOGD.538975,POINT (16.335547490358202 48.20407113166499),Auslaufbrunnen,538975,
TRINKBRUNNENOGD.538976,POINT (16.31839828878609 48.199294801402644),Auslaufbrunnen,538976,
TRINKBRUNNENOGD.538977,POINT (16.376660989137513 48.21170024764263),Auslaufbrunnen,538977,
TRINKBRUNNENOGD.538978,POINT (16.33460638667383 48.181801619674374),Auslaufbrunnen,538978,
TRINKBRUNNENOGD.538979,POINT (16.358975397629386 48.21204642870652),Auslaufbrunnen,538979,
TRINKBRUNNENOGD.538980,POINT (16.321002425134054 48.207913415909644),Auslaufbrunnen,538980,
TRINKBRUNNENOGD.538981,POINT (16.40523933735575 48.2367872450472),Auslaufbrunnen,538981,
TRINKBRUNNENOGD.538982,POINT (16.374385420997985 48.18427722244486),Auslaufbrunnen,538982,
TRINKBRUNNENOGD.538983,POINT (16.24454969517798 48.22554648251286),Auslaufbrunnen,538983,
TRINKBRUNNENOGD.538984,POINT (16.301554241878307 48.185878355976556),Auslaufbrunnen,538984,
TRINKBRUNNENOGD.538985,POINT (16.40289188418326 48.22777155240105),Auslaufbrunnen,538985,
TRINKBRUNNENOGD.538986,POINT (16.403938729304823 48.22698600996136),Auslaufbrunnen,538986,
TRINKBRUNNENOGD.538987,POINT (16.425687890709114 48.199703873995965),Auslaufbrunnen,538987,
TRINKBRUNNENOGD.538988,POINT (16.418137622837072 48.203681516246505),Auslaufbrunnen,538988,
TRINKBRUNNENOGD.538989,POINT (16.376430704213867 48.198563110981794),Auslaufbrunnen,538989,
TRINKBRUNNENOGD.538990,POINT (16.28987728736689 48.18026147511619),Auslaufbrunnen,538990,
TRINKBRUNNENOGD.538991,POINT (16.335748793517638 48.209737431451046),Auslaufbrunnen,538991,
TRINKBRUNNENOGD.538992,POINT (16.3744340354876 48.215918708806065),Auslaufbrunnen,538992,
TRINKBRUNNENOGD.538993,POINT (16.33624694155097 48.21181604174804),Auslaufbrunnen,538993,
TRINKBRUNNENOGD.538994,POINT (16.377584752939796 48.239783704634334),Auslaufbrunnen,538994,
TRINKBRUNNENOGD.538995,POINT (16.412653158962215 48.22570928522324),Auslaufbrunnen,538995,
TRINKBRUNNENOGD.538996,POINT (16.497259495149105 48.15937363475031),Auslaufbrunnen,538996,
TRINKBRUNNENOGD.538997,POINT (16.371857443308716 48.20710472076823),Auslaufbrunnen,538997,
TRINKBRUNNENOGD.538998,POINT (16.256032455992365 48.203633516238185),Auslaufbrunnen,538998,
TRINKBRUNNENOGD.538999,POINT (16.32096978693683 48.264085300401696),Auslaufbrunnen,538999,
TRINKBRUNNENOGD.539000,POINT (16.429238816151795 48.21764504733538),Auslaufbrunnen,539000,
TRINKBRUNNENOGD.539001,POINT (16.36663243684651 48.27816194742802),Auslaufbrunnen,539001,
TRINKBRUNNENOGD.539002,POINT (16.32747601009291 48.21340524785451),Auslaufbrunnen,539002,
TRINKBRUNNENOGD.539003,POINT (16.33054562786544 48.21410733822756),Auslaufbrunnen,539003,
TRINKBRUNNENOGD.539004,POINT (16.314729558187096 48.26253608840133),Auslaufbrunnen,539004,
TRINKBRUNNENOGD.539005,POINT (16.386719800483117 48.222675865477804),Auslaufbrunnen,539005,
TRINKBRUNNENOGD.539006,POINT (16.37978284357403 48.21574897905741),Auslaufbrunnen,539006,
TRINKBRUNNENOGD.539007,POINT (16.349813056019535 48.206306805543896),Auslaufbrunnen,539007,
TRINKBRUNNENOGD.539008,POINT (16.33755818316654 48.215003579808325),Auslaufbrunnen,539008,
TRINKBRUNNENOGD.539009,POINT (16.368162655430773 48.214539650741855),Auslaufbrunnen,539009,
TRINKBRUNNENOGD.539010,POINT (16.393578010380736 48.24736314661757),Auslaufbrunnen,539010,
TRINKBRUNNENOGD.539011,POINT (16.366980144848014 48.26390505525248),Auslaufbrunnen,539011,
TRINKBRUNNENOGD.539012,POINT (16.36838800809559 48.26040995225297),Auslaufbrunnen,539012,
TRINKBRUNNENOGD.539013,POINT (16.43006816829398 48.208004362110024),Auslaufbrunnen,539013,
TRINKBRUNNENOGD.539014,POINT (16.44764934072441 48.19528682796947),Auslaufbrunnen,539014,
TRINKBRUNNENOGD.539015,POINT (16.361280740799078 48.2168359919009),Auslaufbrunnen,539015,
TRINKBRUNNENOGD.539016,POINT (16.479625542638868 48.167526245284414),Auslaufbrunnen,539016,
TRINKBRUNNENOGD.539017,POINT (16.366982914622433 48.254208607137),Auslaufbrunnen,539017,
TRINKBRUNNENOGD.539018,POINT (16.277890038767172 48.21537199384166),Auslaufbrunnen,539018,
TRINKBRUNNENOGD.539019,POINT (16.24816481348387 48.21000706662514),Auslaufbrunnen,539019,
TRINKBRUNNENOGD.539020,POINT (16.44744166890938 48.28768708548947),Auslaufbrunnen,539020,
TRINKBRUNNENOGD.539021,POINT (16.3772199228911 48.17677603930111),Auslaufbrunnen,539021,
TRINKBRUNNENOGD.539022,POINT (16.44513793169481 48.28692290570232),Auslaufbrunnen,539022,
TRINKBRUNNENOGD.539023,POINT (16.371067107333918 48.2327497530557),Auslaufbrunnen,539023,
TRINKBRUNNENOGD.539024,POINT (16.359433074584874 48.21022059392731),Auslaufbrunnen,539024,
TRINKBRUNNENOGD.539025,POINT (16.421961083948958 48.28914036705858),Auslaufbrunnen,539025,
TRINKBRUNNENOGD.538170,POINT (16.443756493834695 48.25858205221956),Trinkbrunnen mit Tränke,538170,
TRINKBRUNNENOGD.538171,POINT (16.36626055216742 48.18137256471923),Trinkbrunnen mit Tränke,538171,
TRINKBRUNNENOGD.538172,POINT (16.365369743252018 48.18030417957473),Trinkbrunnen,538172,
TRINKBRUNNENOGD.538173,POINT (16.480631206627685 48.22024927759485),Trinkbrunnen mit Tränke,538173,
TRINKBRUNNENOGD.538174,POINT (16.33797803798725 48.207362778241134),Trinkbrunnen mit Tränke,538174,
TRINKBRUNNENOGD.538175,POINT (16.329939833238093 48.234242087322514),Trinkbrunnen mit Tränke,538175,
TRINKBRUNNENOGD.538176,POINT (16.337578640423622 48.23457960533409),Trinkbrunnen mit Tränke,538176,
TRINKBRUNNENOGD.538177,POINT (16.310966106061766 48.18786688995527),Trinkbrunnen mit Tränke,538177,
TRINKBRUNNENOGD.538178,POINT (16.251628983099874 48.20203332539978),Trinkbrunnen,538178,
TRINKBRUNNENOGD.538179,POINT (16.354469916682426 48.18976285869092),Trinkbrunnen,538179,
TRINKBRUNNENOGD.538180,POINT (16.399669713908935 48.25159801743993),Trinkbrunnen,538180,
TRINKBRUNNENOGD.538181,POINT (16.389861221268422 48.25640443763991),Trinkbrunnen,538181,
TRINKBRUNNENOGD.538182,POINT (16.395019398492494 48.25266370473459),Trinkbrunnen,538182,
TRINKBRUNNENOGD.538183,POINT (16.411690040400202 48.25161272502459),Spielbrunnen,538183,
TRINKBRUNNENOGD.538184,POINT (16.4151333124603 48.25268077996046),Trinkbrunnen,538184,
TRINKBRUNNENOGD.538185,POINT (16.398359924964637 48.26442540051378),Trinkbrunnen,538185,
TRINKBRUNNENOGD.538186,POINT (16.388828287127403 48.26681147319529),Spielbrunnen,538186,
TRINKBRUNNENOGD.538187,POINT (16.38401745840749 48.2698566500425),Trinkbrunnen,538187,
TRINKBRUNNENOGD.538188,POINT (16.399794747227375 48.254953104528724),Trinkbrunnen mit Tränke,538188,
TRINKBRUNNENOGD.538189,POINT (16.393710542004747 48.27292464745999),Trinkbrunnen mit Tränke,538189,
TRINKBRUNNENOGD.538190,POINT (16.348066684740516 48.18123684465836),Trinkbrunnen mit Tränke,538190,
TRINKBRUNNENOGD.538191,POINT (16.346924828023923 48.1816711689251),Trinkbrunnen,538191,
TRINKBRUNNENOGD.538192,POINT (16.345834937280053 48.18185686528463),Trinkbrunnen mit Tränke,538192,
TRINKBRUNNENOGD.538193,POINT (16.333080451930194 48.18150276277729),Trinkbrunnen mit Tränke,538193,
TRINKBRUNNENOGD.538194,POINT (16.306110256370697 48.1649236309202),Trinkbrunnen,538194,
TRINKBRUNNENOGD.538195,POINT (16.33707345763108 48.18666220767479),Trinkbrunnen mit Tränke,538195,
TRINKBRUNNENOGD.538196,POINT (16.33131697002151 48.175897910985725),Trinkbrunnen mit Tränke,538196,
TRINKBRUNNENOGD.538197,POINT (16.33916265493384 48.18128064729964),Trinkbrunnen mit Tränke,538197,
TRINKBRUNNENOGD.538198,POINT (16.339564726167325 48.18148114763426),Trinkbrunnen mit Tränke,538198,
TRINKBRUNNENOGD.538199,POINT (16.328621129992634 48.17303774667775),Trinkbrunnen,538199,
TRINKBRUNNENOGD.538200,POINT (16.32736995122627 48.182304077527334),Trinkbrunnen mit Tränke,538200,
TRINKBRUNNENOGD.538201,POINT (16.32797010142746 48.18228524182756),Trinkbrunnen mit Tränke,538201,
TRINKBRUNNENOGD.538202,POINT (16.334659910922003 48.17889782354881),Trinkbrunnen mit Tränke,538202,
TRINKBRUNNENOGD.538203,POINT (16.326880349442074 48.15921544233657),Trinkbrunnen mit Tränke,538203,
TRINKBRUNNENOGD.538204,POINT (16.324051336644136 48.16075011058456),Trinkbrunnen,538204,
TRINKBRUNNENOGD.538205,POINT (16.323568476940395 48.16029733434958),Trinkbrunnen,538205,
TRINKBRUNNENOGD.538206,POINT (16.32834662879233 48.18056966004518),Trinkbrunnen,538206,
TRINKBRUNNENOGD.538207,POINT (16.32074848951202 48.17091466380937),Trinkbrunnen mit Tränke,538207,
TRINKBRUNNENOGD.538208,POINT (16.34731954830505 48.18236137210179),Trinkbrunnen mit Tränke,538208,
TRINKBRUNNENOGD.538209,POINT (16.339418851402144 48.17823119417681),Trinkbrunnen,538209,
TRINKBRUNNENOGD.538210,POINT (16.338652224717343 48.178713737395285),Trinkbrunnen,538210,
TRINKBRUNNENOGD.538211,POINT (16.28096999674738 48.16572840147923),Trinkbrunnen,538211,
TRINKBRUNNENOGD.538212,POINT (16.272764827384815 48.16447845215162),Trinkbrunnen,538212,
TRINKBRUNNENOGD.538714,POINT (16.506069125456044 48.164938990264645),Trinkbrunnen,538714,
TRINKBRUNNENOGD.538715,POINT (16.466224740992544 48.18949663181605),Trinkbrunnen,538715,
TRINKBRUNNENOGD.538716,POINT (16.464297748964 48.19182771262281),Trinkbrunnen,538716,
TRINKBRUNNENOGD.538717,POINT (16.43260630979664 48.213311502151534),Trinkbrunnen,538717,
TRINKBRUNNENOGD.538718,POINT (16.421220996002493 48.21975399878621),Trinkbrunnen,538718,
TRINKBRUNNENOGD.538719,POINT (16.40933827603865 48.22821579849827),Trinkbrunnen,538719,
TRINKBRUNNENOGD.538720,POINT (16.402203914025314 48.23384855787853),Trinkbrunnen,538720,
TRINKBRUNNENOGD.538721,POINT (16.397246924692055 48.238284313560875),Trinkbrunnen,538721,
TRINKBRUNNENOGD.538722,POINT (16.394518221837604 48.24003746095278),Trinkbrunnen,538722,
TRINKBRUNNENOGD.538723,POINT (16.393408000837557 48.24134728622725),Trinkbrunnen,538723,
TRINKBRUNNENOGD.538724,POINT (16.388313535304743 48.247257399903255),Trinkbrunnen,538724,
TRINKBRUNNENOGD.538725,POINT (16.38958351609433 48.24725600627958),Trinkbrunnen,538725,
TRINKBRUNNENOGD.538726,POINT (16.391039846026406 48.24323431560451),Trinkbrunnen,538726,
TRINKBRUNNENOGD.538727,POINT (16.393113475659472 48.24321577672999),Trinkbrunnen,538727,
TRINKBRUNNENOGD.538728,POINT (16.39123544647985 48.24526495309039),Trinkbrunnen,538728,
TRINKBRUNNENOGD.538729,POINT (16.386565027178396 48.24986168781223),Trinkbrunnen,538729,
TRINKBRUNNENOGD.538730,POINT (16.382953305489696 48.251947344955),Trinkbrunnen,538730,
TRINKBRUNNENOGD.538731,POINT (16.347123386482714 48.29773908753822),Trinkbrunnen,538731,
TRINKBRUNNENOGD.538732,POINT (16.41866688845527 48.22540292631247),Trinkbrunnen,538732,
TRINKBRUNNENOGD.538733,POINT (16.456399526825134 48.200122117244916),Trinkbrunnen,538733,
TRINKBRUNNENOGD.538734,POINT (16.508414310558315 48.1666977344086),Trinkbrunnen,538734,
TRINKBRUNNENOGD.538735,POINT (16.45280579246336 48.20255523789013),Trinkbrunnen,538735,
TRINKBRUNNENOGD.538736,POINT (16.44838972867962 48.20550391850288),Trinkbrunnen,538736,
TRINKBRUNNENOGD.538737,POINT (16.50486387990226 48.168845908124595),Trinkbrunnen,538737,
TRINKBRUNNENOGD.538738,POINT (16.499109900018425 48.17237902174305),Trinkbrunnen,538738,
TRINKBRUNNENOGD.538739,POINT (16.493739666993445 48.17575668418499),Trinkbrunnen,538739,
TRINKBRUNNENOGD.538740,POINT (16.49080477693015 48.17748799507619),Trinkbrunnen,538740,
TRINKBRUNNENOGD.538741,POINT (16.482288694719045 48.183002649766635),Trinkbrunnen,538741,
TRINKBRUNNENOGD.538742,POINT (16.473830953851255 48.188514918008146),Trinkbrunnen,538742,
TRINKBRUNNENOGD.538743,POINT (16.470110650832762 48.19096294125301),Trinkbrunnen,538743,
TRINKBRUNNENOGD.538744,POINT (16.463066781833447 48.195593692884025),Trinkbrunnen,538744,
TRINKBRUNNENOGD.538745,POINT (16.438794177611683 48.211827970011896),Trinkbrunnen,538745,
TRINKBRUNNENOGD.538746,POINT (16.422180042561166 48.22312877053894),Trinkbrunnen,538746,
TRINKBRUNNENOGD.538747,POINT (16.40775126750445 48.23414444038494),Trinkbrunnen,538747,
TRINKBRUNNENOGD.538748,POINT (16.402450389304114 48.239031553244494),Trinkbrunnen,538748,
TRINKBRUNNENOGD.538749,POINT (16.404468810903833 48.23679311818783),Trinkbrunnen,538749,
TRINKBRUNNENOGD.538750,POINT (16.398676051927104 48.24160501904354),Trinkbrunnen,538750,
TRINKBRUNNENOGD.538751,POINT (16.39571769202984 48.24547706554557),Trinkbrunnen,538751,
TRINKBRUNNENOGD.538752,POINT (16.393787156644237 48.24701026073013),Trinkbrunnen,538752,
TRINKBRUNNENOGD.538753,POINT (16.37544865307721 48.267773296925796),Trinkbrunnen,538753,
TRINKBRUNNENOGD.538754,POINT (16.32861911173173 48.20733811518027),Auslaufbrunnen,538754,
TRINKBRUNNENOGD.538755,POINT (16.392531909030225 48.29509210763389),Auslaufbrunnen,538755,
TRINKBRUNNENOGD.538756,POINT (16.452024598413818 48.28637811257671),Auslaufbrunnen,538756,
TRINKBRUNNENOGD.538757,POINT (16.451682737314844 48.282616030752415),Auslaufbrunnen,538757,
TRINKBRUNNENOGD.538758,POINT (16.38092445794264 48.30113982336536),Auslaufbrunnen,538758,
TRINKBRUNNENOGD.538759,POINT (16.38522464558823 48.297827549427524),Auslaufbrunnen,538759,
TRINKBRUNNENOGD.538760,POINT (16.38734941195984 48.300896213625855),Auslaufbrunnen,538760,
TRINKBRUNNENOGD.538761,POINT (16.405372052576556 48.30406975531127),Auslaufbrunnen,538761,
TRINKBRUNNENOGD.538762,POINT (16.4070087620374 48.30535026335152),Auslaufbrunnen,538762,
TRINKBRUNNENOGD.538763,POINT (16.334688842711216 48.22150150665925),Auslaufbrunnen,538763,
TRINKBRUNNENOGD.538764,POINT (16.27644767551681 48.240051418684),Auslaufbrunnen,538764,
TRINKBRUNNENOGD.538765,POINT (16.26772299559618 48.15082790005538),Auslaufbrunnen,538765,
TRINKBRUNNENOGD.538766,POINT (16.447753794044253 48.15233427434758),Auslaufbrunnen,538766,
TRINKBRUNNENOGD.538767,POINT (16.44002612023456 48.146899336613444),Auslaufbrunnen,538767,
TRINKBRUNNENOGD.538768,POINT (16.287626901880472 48.164935422770604),Auslaufbrunnen,538768,
TRINKBRUNNENOGD.538769,POINT (16.271676130523527 48.16701529963313),Auslaufbrunnen,538769,
TRINKBRUNNENOGD.538770,POINT (16.256676887870952 48.166716227738085),Auslaufbrunnen,538770,
TRINKBRUNNENOGD.538771,POINT (16.315521367483456 48.17657180021945),Auslaufbrunnen,538771,
TRINKBRUNNENOGD.538772,POINT (16.26553799547146 48.174600530354795),Auslaufbrunnen,538772,
TRINKBRUNNENOGD.538773,POINT (16.34065912154417 48.18190955851756),Auslaufbrunnen,538773,
TRINKBRUNNENOGD.538774,POINT (16.275321437350676 48.191305890730014),Auslaufbrunnen,538774,
TRINKBRUNNENOGD.538775,POINT (16.298619734784886 48.20474825121561),Auslaufbrunnen,538775,
TRINKBRUNNENOGD.538776,POINT (16.31274450547013 48.199167842764204),Auslaufbrunnen,538776,
TRINKBRUNNENOGD.538213,POINT (16.260087550833994 48.19363678958505),Trinkbrunnen mit Tränke,538213,
TRINKBRUNNENOGD.538214,POINT (16.261299496544265 48.19241668850759),Trinkbrunnen mit Tränke,538214,
TRINKBRUNNENOGD.538215,POINT (16.287145704702276 48.1855296720267),Trinkbrunnen mit Tränke,538215,
TRINKBRUNNENOGD.538216,POINT (16.28212223294583 48.16842930194341),Trinkbrunnen,538216,
TRINKBRUNNENOGD.538217,POINT (16.274357129786225 48.181209517993004),Trinkbrunnen mit Tränke,538217,
TRINKBRUNNENOGD.538218,POINT (16.271665299371527 48.19034443767502),Trinkbrunnen,538218,
TRINKBRUNNENOGD.538219,POINT (16.275916691876915 48.17373602745857),Trinkbrunnen,538219,
TRINKBRUNNENOGD.538220,POINT (16.314947765790052 48.139828024206274),Trinkbrunnen mit Tränke,538220,
TRINKBRUNNENOGD.538221,POINT (16.315195829397414 48.14023841506695),Trinkbrunnen mit Tränke,538221,
TRINKBRUNNENOGD.538222,POINT (16.28005383708094 48.139423771778326),Trinkbrunnen,538222,
TRINKBRUNNENOGD.538223,POINT (16.34479027146397 48.15171568935638),Trinkbrunnen mit Tränke,538223,
TRINKBRUNNENOGD.538224,POINT (16.340970755786454 48.15059877711665),Trinkbrunnen mit Tränke,538224,
TRINKBRUNNENOGD.538225,POINT (16.282249652272636 48.145198471205234),Trinkbrunnen mit Tränke,538225,
TRINKBRUNNENOGD.538226,POINT (16.305439419656537 48.152328968716645),Trinkbrunnen mit Tränke,538226,
TRINKBRUNNENOGD.538227,POINT (16.353011040387013 48.14772671264427),Trinkbrunnen,538227,
TRINKBRUNNENOGD.538228,POINT (16.274752252421393 48.137551287348415),Trinkbrunnen mit Tränke,538228,
TRINKBRUNNENOGD.538229,POINT (16.31328489751051 48.148836138930584),Trinkbrunnen,538229,
TRINKBRUNNENOGD.538230,POINT (16.31307631933657 48.148087735862376),Trinkbrunnen,538230,
TRINKBRUNNENOGD.538231,POINT (16.333031629743743 48.150057906469726),Trinkbrunnen mit Tränke,538231,
TRINKBRUNNENOGD.538232,POINT (16.303786359101235 48.14940448785698),Trinkbrunnen,538232,
TRINKBRUNNENOGD.538233,POINT (16.267183604037047 48.14924984482162),Trinkbrunnen mit Tränke,538233,
TRINKBRUNNENOGD.538234,POINT (16.288265852627354 48.140491077549505),Trinkbrunnen mit Tränke,538234,
TRINKBRUNNENOGD.538235,POINT (16.31256056150534 48.13042130424849),Trinkbrunnen,538235,
TRINKBRUNNENOGD.538236,POINT (16.311145211738076 48.19607807912086),Trinkbrunnen,538236,
TRINKBRUNNENOGD.538237,POINT (16.435187184764803 48.230558538996526),Trinkbrunnen,538237,
TRINKBRUNNENOGD.538238,POINT (16.4390385827708 48.231738548763914),Trinkbrunnen,538238,
TRINKBRUNNENOGD.538239,POINT (16.41806455417537 48.23181968824714),Trinkbrunnen mit Tränke,538239,
TRINKBRUNNENOGD.538240,POINT (16.41890621560257 48.23172174126161),Trinkbrunnen,538240,
TRINKBRUNNENOGD.538241,POINT (16.41721089958366 48.231160522070354),Trinkbrunnen,538241,
TRINKBRUNNENOGD.538242,POINT (16.449850170981684 48.231745140333494),Trinkbrunnen mit Tränke,538242,
TRINKBRUNNENOGD.538243,POINT (16.44943507139614 48.236796308792066),Trinkbrunnen mit Tränke,538243,
TRINKBRUNNENOGD.538244,POINT (16.444112119139916 48.238717259504135),Trinkbrunnen mit Tränke,538244,
TRINKBRUNNENOGD.538245,POINT (16.44120125591377 48.240813159408866),Trinkbrunnen mit Tränke,538245,
TRINKBRUNNENOGD.538246,POINT (16.342431141091108 48.21192000312727),Trinkbrunnen mit Tränke,538246,
TRINKBRUNNENOGD.538247,POINT (16.399853149473547 48.24904210144492),Hundetrinkbrunnen,538247,
TRINKBRUNNENOGD.538248,POINT (16.405511230669998 48.240719369293906),Trinkbrunnen,538248,
TRINKBRUNNENOGD.538249,POINT (16.405293180911926 48.23842044982915),Trinkbrunnen,538249,
TRINKBRUNNENOGD.538250,POINT (16.410426575214267 48.23688116848666),Trinkbrunnen,538250,
TRINKBRUNNENOGD.538251,POINT (16.419234796075266 48.23901186817942),Trinkbrunnen mit Tränke,538251,
TRINKBRUNNENOGD.538252,POINT (16.416032785941287 48.24141261169186),Trinkbrunnen,538252,
TRINKBRUNNENOGD.538253,POINT (16.39274938371306 48.23305882854912),Spielbrunnen,538253,
TRINKBRUNNENOGD.538254,POINT (16.369172201820497 48.22167812609382),Trinkbrunnen mit Tränke,538254,
TRINKBRUNNENOGD.538255,POINT (16.387839614581914 48.22471370781522),Trinkbrunnen,538255,
TRINKBRUNNENOGD.538256,POINT (16.342076448862798 48.211955199051516),Trinkbrunnen mit Tränke,538256,
TRINKBRUNNENOGD.538257,POINT (16.372557309955486 48.218070795855255),Trinkbrunnen mit Tränke,538257,
TRINKBRUNNENOGD.538258,POINT (16.416863424083378 48.21628580870468),Trinkbrunnen,538258,
TRINKBRUNNENOGD.538259,POINT (16.400354169643435 48.220277232143545),Trinkbrunnen mit Tränke,538259,
TRINKBRUNNENOGD.538260,POINT (16.382309368772752 48.215093377744054),Trinkbrunnen,538260,
TRINKBRUNNENOGD.538261,POINT (16.40517633337065 48.21680173021775),Trinkbrunnen,538261,
TRINKBRUNNENOGD.538262,POINT (16.386063080898094 48.217180980423414),Trinkbrunnen,538262,
TRINKBRUNNENOGD.538263,POINT (16.4045193363824 48.224280645717215),Trinkbrunnen mit Tränke,538263,
TRINKBRUNNENOGD.538264,POINT (16.40315634477416 48.22642815841202),Trinkbrunnen,538264,
TRINKBRUNNENOGD.538265,POINT (16.40238742526418 48.225685782160944),Trinkbrunnen,538265,
TRINKBRUNNENOGD.538266,POINT (16.417659480756896 48.177400468045505),Trinkbrunnen,538266,
TRINKBRUNNENOGD.538267,POINT (16.399539047383186 48.21267193842436),Trinkbrunnen,538267,
TRINKBRUNNENOGD.538268,POINT (16.394550288605267 48.21639600986507),Trinkbrunnen,538268,
TRINKBRUNNENOGD.538269,POINT (16.408354011725937 48.204807249391386),Trinkbrunnen mit Tränke,538269,
TRINKBRUNNENOGD.538270,POINT (16.406548842859717 48.20391067359332),Trinkbrunnen,538270,
TRINKBRUNNENOGD.538271,POINT (16.378169131773774 48.214263059676824),Trinkbrunnen mit Tränke,538271,
TRINKBRUNNENOGD.538272,POINT (16.28379955421901 48.19878608463168),Trinkbrunnen mit Tränke,538272,
TRINKBRUNNENOGD.538273,POINT (16.282749207353053 48.19882414996278),Trinkbrunnen,538273,
TRINKBRUNNENOGD.538274,POINT (16.477427506307375 48.25365032141274),Trinkbrunnen,538274,
TRINKBRUNNENOGD.538275,POINT (16.413159571008094 48.27502069601236),Trinkbrunnen,538275,
TRINKBRUNNENOGD.538276,POINT (16.36771715803988 48.21458907304913),Trinkbrunnen,538276,
TRINKBRUNNENOGD.538277,POINT (16.371529605776917 48.214402689762366),Trinkbrunnen mit Tränke,538277,
TRINKBRUNNENOGD.538278,POINT (16.356170015515982 48.2074117790017),Trinkbrunnen mit Tränke,538278,
TRINKBRUNNENOGD.538279,POINT (16.483716240050274 48.28087307545219),Trinkbrunnen,538279,
TRINKBRUNNENOGD.538280,POINT (16.44947856340029 48.23771259060776),Trinkbrunnen,538280,
TRINKBRUNNENOGD.538281,POINT (16.439168794981356 48.238395013835444),Trinkbrunnen,538281,
TRINKBRUNNENOGD.538282,POINT (16.330677758001524 48.21726049932869),Trinkbrunnen,538282,
TRINKBRUNNENOGD.538283,POINT (16.32591146976583 48.21465426345208),Trinkbrunnen mit Tränke,538283,
TRINKBRUNNENOGD.538284,POINT (16.314383819926068 48.225048442224185),Trinkbrunnen,538284,
TRINKBRUNNENOGD.538285,POINT (16.33033760489824 48.22320082184092),Trinkbrunnen mit Tränke,538285,
TRINKBRUNNENOGD.538286,POINT (16.315060745093152 48.23209052064863),Trinkbrunnen,538286,
TRINKBRUNNENOGD.538287,POINT (16.30452332240657 48.22904318192195),Trinkbrunnen,538287,
TRINKBRUNNENOGD.538288,POINT (16.33487498806508 48.21890195359432),Trinkbrunnen,538288,
TRINKBRUNNENOGD.538289,POINT (16.323968046792544 48.22456595259662),Trinkbrunnen mit Tränke,538289,
TRINKBRUNNENOGD.538290,POINT (16.314571499510137 48.223483088037916),Trinkbrunnen,538290,
TRINKBRUNNENOGD.538291,POINT (16.518499715717397 48.20867180244167),Trinkbrunnen,538291,
TRINKBRUNNENOGD.538292,POINT (16.431939818007407 48.24707996248052),Trinkbrunnen,538292,
TRINKBRUNNENOGD.538293,POINT (16.4483488874154 48.248639214303886),Trinkbrunnen,538293,
TRINKBRUNNENOGD.538294,POINT (16.441520747484972 48.24522269537514),Trinkbrunnen mit Tränke,538294,
TRINKBRUNNENOGD.538295,POINT (16.334084411076816 48.236794237946754),Trinkbrunnen,538295,
TRINKBRUNNENOGD.538296,POINT (16.326915511458285 48.18974889024273),Trinkbrunnen mit Tränke,538296,
TRINKBRUNNENOGD.538297,POINT (16.324756066350947 48.225513048345505),Trinkbrunnen mit Tränke,538297,
TRINKBRUNNENOGD.538298,POINT (16.433522773472582 48.25214278753884),Trinkbrunnen mit Tränke,538298,
TRINKBRUNNENOGD.538299,POINT (16.433574493857712 48.254426833783846),Trinkbrunnen mit Tränke,538299,
TRINKBRUNNENOGD.538300,POINT (16.30837861887319 48.20923872501301),Trinkbrunnen mit Tränke,538300,
TRINKBRUNNENOGD.538301,POINT (16.307273694029835 48.20104427902003),Trinkbrunnen mit Tränke,538301,
TRINKBRUNNENOGD.538302,POINT (16.307550185432913 48.201282769911764),Trinkbrunnen mit Tränke,538302,
TRINKBRUNNENOGD.538303,POINT (16.344639945635645 48.18020310315936),Trinkbrunnen mit Tränke,538303,
TRINKBRUNNENOGD.538304,POINT (16.30446000215257 48.20871419796961),Trinkbrunnen mit Tränke,538304,
TRINKBRUNNENOGD.538305,POINT (16.40874149457621 48.17197065509845),Trinkbrunnen,538305,
TRINKBRUNNENOGD.538306,POINT (16.338960280597608 48.225808177374894),Trinkbrunnen mit Tränke,538306,
TRINKBRUNNENOGD.538307,POINT (16.33903856908402 48.22657575230784),Trinkbrunnen,538307,
TRINKBRUNNENOGD.538308,POINT (16.349796823686564 48.23240528826867),Trinkbrunnen mit Tränke,538308,
TRINKBRUNNENOGD.538309,POINT (16.308205364113817 48.22194081472752),Trinkbrunnen,538309,
TRINKBRUNNENOGD.538310,POINT (16.31095396140352 48.22273292882753),Trinkbrunnen mit Tränke,538310,
TRINKBRUNNENOGD.538311,POINT (16.33554910619812 48.20213556622107),Trinkbrunnen,538311,
TRINKBRUNNENOGD.538312,POINT (16.33563919328405 48.20190239842753),Trinkbrunnen,538312,
TRINKBRUNNENOGD.538313,POINT (16.300802463414673 48.16724428284896),Trinkbrunnen,538313,
TRINKBRUNNENOGD.538314,POINT (16.361329203243297 48.198744172718015),Trinkbrunnen mit Tränke,538314,
TRINKBRUNNENOGD.538315,POINT (16.35369774500268 48.221147499233524),Trinkbrunnen,538315,
TRINKBRUNNENOGD.538316,POINT (16.438355039162282 48.24751532218986),Trinkbrunnen,538316,
TRINKBRUNNENOGD.538317,POINT (16.438425981530273 48.24715083996819),Trinkbrunnen,538317,
TRINKBRUNNENOGD.538318,POINT (16.414165383168154 48.17121386179875),Trinkbrunnen mit Tränke,538318,
TRINKBRUNNENOGD.538319,POINT (16.41487322096401 48.17047967532796),Trinkbrunnen mit Tränke,538319,
TRINKBRUNNENOGD.538320,POINT (16.37284249585971 48.21539534215774),Trinkbrunnen mit Tränke,538320,
TRINKBRUNNENOGD.538321,POINT (16.328964741261533 48.18987578149327),Trinkbrunnen mit Tränke,538321,
TRINKBRUNNENOGD.538322,POINT (16.328617193978953 48.18995628200796),Trinkbrunnen mit Tränke,538322,
TRINKBRUNNENOGD.538323,POINT (16.380079538524377 48.17650665684137),Trinkbrunnen mit Tränke,538323,
TRINKBRUNNENOGD.538324,POINT (16.321090627574748 48.19030173509565),Trinkbrunnen mit Tränke,538324,
TRINKBRUNNENOGD.538325,POINT (16.31909471018699 48.19698381122353),Trinkbrunnen mit Tränke,538325,
TRINKBRUNNENOGD.538326,POINT (16.31900056642632 48.196415869825614),Trinkbrunnen mit Tränke,538326,
TRINKBRUNNENOGD.538327,POINT (16.355736125825448 48.181446983149044),Hundetrinkbrunnen,538327,
TRINKBRUNNENOGD.538328,POINT (16.34992387030536 48.18595166883287),Trinkbrunnen mit Tränke,538328,
TRINKBRUNNENOGD.538329,POINT (16.347332987472733 48.187268829045124),Trinkbrunnen mit Tränke,538329,
TRINKBRUNNENOGD.538330,POINT (16.334471400431532 48.24043443062977),Trinkbrunnen mit Tränke,538330,
TRINKBRUNNENOGD.538331,POINT (16.268007160345796 48.19651002808388),Trinkbrunnen mit Tränke,538331,
TRINKBRUNNENOGD.538332,POINT (16.35048924975034 48.18027613050717),Trinkbrunnen mit Tränke,538332,
TRINKBRUNNENOGD.538333,POINT (16.46270409935833 48.15723932407436),Trinkbrunnen mit Tränke,538333,
TRINKBRUNNENOGD.538334,POINT (16.462426240886202 48.15634671341224),Spielbrunnen,538334,
TRINKBRUNNENOGD.538335,POINT (16.462870564681644 48.1554168478508),Trinkbrunnen mit Tränke,538335,
TRINKBRUNNENOGD.538336,POINT (16.309007045657435 48.14807275069642),Trinkbrunnen mit Tränke,538336,
TRINKBRUNNENOGD.538337,POINT (16.35094590262301 48.1829409860182),Trinkbrunnen mit Tränke,538337,
TRINKBRUNNENOGD.538338,POINT (16.381259814035744 48.24502844709098),Spielbrunnen,538338,
TRINKBRUNNENOGD.538339,POINT (16.38030270354163 48.24452907715278),Trinkbrunnen mit Tränke,538339,
TRINKBRUNNENOGD.538340,POINT (16.33493535724112 48.2265693915935),Trinkbrunnen mit Tränke,538340,
TRINKBRUNNENOGD.538341,POINT (16.30258287141073 48.19621379791279),Trinkbrunnen mit Tränke,538341,
TRINKBRUNNENOGD.538342,POINT (16.30345863162827 48.19617315117767),Trinkbrunnen mit Tränke,538342,
TRINKBRUNNENOGD.538343,POINT (16.326530899383393 48.16491208893753),Trinkbrunnen,538343,
TRINKBRUNNENOGD.538344,POINT (16.327460582896556 48.16487127350499),Trinkbrunnen,538344,
TRINKBRUNNENOGD.538345,POINT (16.3424813180607 48.21224754870485),Trinkbrunnen mit Tränke,538345,
TRINKBRUNNENOGD.538346,POINT (16.397115715668644 48.227069265420916),Trinkbrunnen mit Tränke,538346,
TRINKBRUNNENOGD.538347,POINT (16.37773085807778 48.16671376224203),Trinkbrunnen mit Tränke,538347,
TRINKBRUNNENOGD.538348,POINT (16.39798510872938 48.22602118401569),Trinkbrunnen mit Tränke,538348,
TRINKBRUNNENOGD.538349,POINT (16.396516840424063 48.226329756080084),Trinkbrunnen mit Tränke,538349,
TRINKBRUNNENOGD.538350,POINT (16.397126963196737 48.22532230694771),Trinkbrunnen mit Tränke,538350,
TRINKBRUNNENOGD.538351,POINT (16.37830291079259 48.17927530144478),Trinkbrunnen,538351,
TRINKBRUNNENOGD.538352,POINT (16.33311985456948 48.18941582787364),Trinkbrunnen mit Tränke,538352,
TRINKBRUNNENOGD.538353,POINT (16.3872531178294 48.23408557206804),Trinkbrunnen mit Tränke,538353,
TRINKBRUNNENOGD.538354,POINT (16.318909912736213 48.19410960750643),Trinkbrunnen mit Tränke,538354,
TRINKBRUNNENOGD.538355,POINT (16.34324991987967 48.18694984067807),Trinkbrunnen mit Tränke,538355,
TRINKBRUNNENOGD.538356,POINT (16.35533161103671 48.18785402872548),Trinkbrunnen mit Tränke,538356,
TRINKBRUNNENOGD.538357,POINT (16.362799622072238 48.187838509721594),Trinkbrunnen mit Tränke,538357,
TRINKBRUNNENOGD.538358,POINT (16.360817948682403 48.189699767972606),Trinkbrunnen mit Tränke,538358,
TRINKBRUNNENOGD.538359,POINT (16.381109627068074 48.20314401899789),Trinkbrunnen,538359,
TRINKBRUNNENOGD.538360,POINT (16.390965075416343 48.19823422721381),Trinkbrunnen mit Tränke,538360,
TRINKBRUNNENOGD.538361,POINT (16.392305643713648 48.19845235916868),Trinkbrunnen mit Tränke,538361,
TRINKBRUNNENOGD.538362,POINT (16.401075453592252 48.19759887673287),Trinkbrunnen mit Tränke,538362,
TRINKBRUNNENOGD.538363,POINT (16.401312856451916 48.197644173131344),Trinkbrunnen mit Tränke,538363,
TRINKBRUNNENOGD.538364,POINT (16.386778406816486 48.18659884926085),Trinkbrunnen mit Tränke,538364,
TRINKBRUNNENOGD.538365,POINT (16.38492504923135 48.184984043088996),Trinkbrunnen mit Tränke,538365,
TRINKBRUNNENOGD.538366,POINT (16.333878279422553 48.238977407484384),Trinkbrunnen mit Tränke,538366,
TRINKBRUNNENOGD.538367,POINT (16.33057821153525 48.19848604210324),Trinkbrunnen mit Tränke,538367,
TRINKBRUNNENOGD.538368,POINT (16.331056923192214 48.198401593540524),Trinkbrunnen mit Tränke,538368,
TRINKBRUNNENOGD.538369,POINT (16.33089253192025 48.19799422342521),Trinkbrunnen mit Tränke,538369,
TRINKBRUNNENOGD.538370,POINT (16.3563704356147 48.20565702331565),Trinkbrunnen mit Tränke,538370,
TRINKBRUNNENOGD.538371,POINT (16.35542742039224 48.20641860992306),Trinkbrunnen mit Tränke,538371,
TRINKBRUNNENOGD.538372,POINT (16.361897520581408 48.19819126090246),Trinkbrunnen mit Tränke,538372,
TRINKBRUNNENOGD.538373,POINT (16.35241259814061 48.197255307778505),Trinkbrunnen mit Tränke,538373,
TRINKBRUNNENOGD.538374,POINT (16.352621800199913 48.197585539375325),Trinkbrunnen mit Tränke,538374,
TRINKBRUNNENOGD.538375,POINT (16.347048049089235 48.19243947967669),Trinkbrunnen,538375,
TRINKBRUNNENOGD.538376,POINT (16.33724415543068 48.20520579733987),Trinkbrunnen mit Tränke,538376,
TRINKBRUNNENOGD.538377,POINT (16.35116942417322 48.212188745663504),Trinkbrunnen mit Tränke,538377,
TRINKBRUNNENOGD.538378,POINT (16.339766320221145 48.2126013725819),Trinkbrunnen mit Tränke,538378,
TRINKBRUNNENOGD.538379,POINT (16.344848083677082 48.211326592846646),Trinkbrunnen mit Tränke,538379,
TRINKBRUNNENOGD.538380,POINT (16.345571221640785 48.21124431696449),Trinkbrunnen,538380,
TRINKBRUNNENOGD.538381,POINT (16.309050875546905 48.221550105483196),Trinkbrunnen,538381,
TRINKBRUNNENOGD.538382,POINT (16.358353749184825 48.22637433441219),Trinkbrunnen mit Tränke,538382,
TRINKBRUNNENOGD.538383,POINT (16.358341809360684 48.22640790635236),Trinkbrunnen mit Tränke,538383,
TRINKBRUNNENOGD.538384,POINT (16.371638276763438 48.17333891611604),Trinkbrunnen mit Tränke,538384,
TRINKBRUNNENOGD.538385,POINT (16.336895736319715 48.22356647030724),Trinkbrunnen mit Tränke,538385,
TRINKBRUNNENOGD.538386,POINT (16.41248532771108 48.24846362068968),Trinkbrunnen mit Tränke,538386,
TRINKBRUNNENOGD.538387,POINT (16.455924975680762 48.27674494307222),Trinkbrunnen mit Tränke,538387,
TRINKBRUNNENOGD.538388,POINT (16.457214539549124 48.214733242595386),Trinkbrunnen,538388,
TRINKBRUNNENOGD.538389,POINT (16.52226696074584 48.213334329300956),Trinkbrunnen,538389,
TRINKBRUNNENOGD.538390,POINT (16.347094379976955 48.200233743031205),Trinkbrunnen,538390,
TRINKBRUNNENOGD.538391,POINT (16.31292660379276 48.18781222574173),Zierbrunnen,538391,
TRINKBRUNNENOGD.538393,POINT (16.4977198449172 48.22606924055676),Spielbrunnen,538393,
TRINKBRUNNENOGD.538394,POINT (16.500396532962075 48.22702528839247),Trinkbrunnen,538394,
TRINKBRUNNENOGD.538395,POINT (16.50471860889547 48.22701653637851),Trinkbrunnen,538395,
TRINKBRUNNENOGD.538396,POINT (16.5062528957152 48.22631218092203),Trinkbrunnen,538396,
TRINKBRUNNENOGD.538397,POINT (16.508958439801642 48.22563226360525),Trinkbrunnen,538397,
TRINKBRUNNENOGD.538398,POINT (16.499082934258652 48.22269082044681),Trinkbrunnen mit Tränke,538398,
TRINKBRUNNENOGD.538399,POINT (16.502153012734386 48.223403380452595),Trinkbrunnen,538399,
TRINKBRUNNENOGD.538400,POINT (16.501694467555968 48.22314017376687),Spielbrunnen,538400,
TRINKBRUNNENOGD.538401,POINT (16.500681349789335 48.22392819374247),Trinkbrunnen,538401,
TRINKBRUNNENOGD.538402,POINT (16.279035355763977 48.20636480793836),Trinkbrunnen mit Tränke,538402,
TRINKBRUNNENOGD.538403,POINT (16.394539192732385 48.24962998136548),Trinkbrunnen mit Tränke,538403,
TRINKBRUNNENOGD.538405,POINT (16.353738460140438 48.19768019004577),Zierbrunnen,538405,
TRINKBRUNNENOGD.538406,POINT (16.445053741215048 48.27170611837406),Spielbrunnen,538406,
TRINKBRUNNENOGD.538407,POINT (16.332222850892524 48.19019827966019),Trinkbrunnen mit Tränke,538407,
TRINKBRUNNENOGD.538408,POINT (16.33939084714854 48.18953086058979),Trinkbrunnen,538408,
TRINKBRUNNENOGD.538409,POINT (16.339180851494866 48.18958399386295),Spielbrunnen,538409,
TRINKBRUNNENOGD.538410,POINT (16.3730119135752 48.199577321465206),Trinkbrunnen mit Tränke,538410,
TRINKBRUNNENOGD.538411,POINT (16.269123248111644 48.1613052034682),Trinkbrunnen mit Tränke,538411,
TRINKBRUNNENOGD.538412,POINT (16.378331600065057 48.170787733805255),Trinkbrunnen,538412,
TRINKBRUNNENOGD.538413,POINT (16.38466724717406 48.167077408309616),Trinkbrunnen,538413,
TRINKBRUNNENOGD.538414,POINT (16.348667276514202 48.19477204424717),Trinkbrunnen mit Tränke,538414,
TRINKBRUNNENOGD.538415,POINT (16.348775482604218 48.19466073070258),Trinkbrunnen mit Tränke,538415,
TRINKBRUNNENOGD.538416,POINT (16.39877212189371 48.19114466269688),Trinkbrunnen mit Tränke,538416,
TRINKBRUNNENOGD.538417,POINT (16.386151607592826 48.18734235273268),Trinkbrunnen mit Tränke,538417,
TRINKBRUNNENOGD.538418,POINT (16.39614420090444 48.20799633399835),Trinkbrunnen mit Tränke,538418,
TRINKBRUNNENOGD.538419,POINT (16.396823704391707 48.20494503596536),Trinkbrunnen mit Tränke,538419,
TRINKBRUNNENOGD.538420,POINT (16.40791811458709 48.19922991915178),Trinkbrunnen mit Tränke,538420,
TRINKBRUNNENOGD.538421,POINT (16.400159456710814 48.22053492291835),Trinkbrunnen mit Tränke,538421,
TRINKBRUNNENOGD.538422,POINT (16.40037869981358 48.21965512024545),Hundetrinkbrunnen,538422,
TRINKBRUNNENOGD.538423,POINT (16.353739568011694 48.22162888747224),Trinkbrunnen mit Tränke,538423,
TRINKBRUNNENOGD.538424,POINT (16.479053475729984 48.24619752380383),Trinkbrunnen mit Tränke,538424,
TRINKBRUNNENOGD.538425,POINT (16.36535935762883 48.19165716807688),Trinkbrunnen mit Tränke,538425,
TRINKBRUNNENOGD.538426,POINT (16.36154090538419 48.18998497696787),Trinkbrunnen mit Tränke,538426,
TRINKBRUNNENOGD.538427,POINT (16.355262398326502 48.18129338176188),Trinkbrunnen mit Tränke,538427,
TRINKBRUNNENOGD.538428,POINT (16.36295115583214 48.1845449489183),Trinkbrunnen,538428,
TRINKBRUNNENOGD.538429,POINT (16.335157901100708 48.18772847069377),Trinkbrunnen mit Tränke,538429,
TRINKBRUNNENOGD.538430,POINT (16.333613620275166 48.18646841232101),Trinkbrunnen mit Tränke,538430,
TRINKBRUNNENOGD.538431,POINT (16.34236483219786 48.1878798598162),Trinkbrunnen mit Tränke,538431,
TRINKBRUNNENOGD.538432,POINT (16.348909891756854 48.180688106778334),Trinkbrunnen mit Tränke,538432,
TRINKBRUNNENOGD.538433,POINT (16.354673522747674 48.20609188097416),Trinkbrunnen mit Tränke,538433,
TRINKBRUNNENOGD.538434,POINT (16.355722964676055 48.20369838478354),Trinkbrunnen,538434,
TRINKBRUNNENOGD.538435,POINT (16.332708792612376 48.18926482610884),Trinkbrunnen mit Tränke,538435,
TRINKBRUNNENOGD.538436,POINT (16.41041764233439 48.17193812195433),Trinkbrunnen mit Tränke,538436,
TRINKBRUNNENOGD.538437,POINT (16.462212775205504 48.1571520631931),Trinkbrunnen mit Tränke,538437,
TRINKBRUNNENOGD.538438,POINT (16.412926700046224 48.1819961374746),Trinkbrunnen mit Tränke,538438,
TRINKBRUNNENOGD.538439,POINT (16.410768942473524 48.181307294607954),Trinkbrunnen mit Tränke,538439,
TRINKBRUNNENOGD.538440,POINT (16.381857691070206 48.23969220713799),Spielbrunnen,538440,
TRINKBRUNNENOGD.538441,POINT (16.387027898108574 48.23388795083455),Trinkbrunnen mit Tränke,538441,
TRINKBRUNNENOGD.538442,POINT (16.44320046238839 48.16117837308963),Trinkbrunnen,538442,
TRINKBRUNNENOGD.538443,POINT (16.442040866705234 48.16139084623036),Trinkbrunnen,538443,
TRINKBRUNNENOGD.538444,POINT (16.289435743905702 48.180081855159536),Trinkbrunnen,538444,
TRINKBRUNNENOGD.538445,POINT (16.41291661252314 48.181475863103486),Trinkbrunnen mit Tränke,538445,
TRINKBRUNNENOGD.538446,POINT (16.327463648927843 48.21011025141133),Hundetrinkbrunnen,538446,
TRINKBRUNNENOGD.538447,POINT (16.38264099208048 48.19971474765357),Trinkbrunnen mit Tränke,538447,
TRINKBRUNNENOGD.538448,POINT (16.387503494530026 48.20604699224082),Trinkbrunnen mit Tränke,538448,
TRINKBRUNNENOGD.538449,POINT (16.39071832673155 48.20452532715763),Trinkbrunnen,538449,
TRINKBRUNNENOGD.538450,POINT (16.393239301230174 48.201760772841595),Trinkbrunnen mit Tränke,538450,
TRINKBRUNNENOGD.538451,POINT (16.399032243984 48.194226374736246),Trinkbrunnen,538451,
TRINKBRUNNENOGD.538452,POINT (16.3678763328765 48.19302460051625),Trinkbrunnen mit Tränke,538452,
TRINKBRUNNENOGD.538453,POINT (16.36890428961395 48.19366322608814),Trinkbrunnen mit Tränke,538453,
TRINKBRUNNENOGD.538454,POINT (16.24862657911752 48.202838117505486),Trinkbrunnen mit Tränke,538454,
TRINKBRUNNENOGD.538455,POINT (16.367904682782267 48.18620403349083),Trinkbrunnen mit Tränke,538455,
TRINKBRUNNENOGD.538456,POINT (16.367710712762857 48.186973802515745),Trinkbrunnen mit Tränke,538456,
TRINKBRUNNENOGD.538457,POINT (16.363273948335987 48.18969770988073),Trinkbrunnen mit Tränke,538457,
TRINKBRUNNENOGD.538458,POINT (16.361988638435058 48.25220335334682),Trinkbrunnen,538458,
TRINKBRUNNENOGD.538459,POINT (16.25613906979933 48.20249008066775),Trinkbrunnen mit Tränke,538459,
TRINKBRUNNENOGD.538460,POINT (16.361164523449244 48.17458859812597),Trinkbrunnen mit Tränke,538460,
TRINKBRUNNENOGD.538461,POINT (16.37039989089071 48.19906766901479),Trinkbrunnen mit Tränke,538461,
TRINKBRUNNENOGD.538462,POINT (16.344566233385844 48.18793636698),Trinkbrunnen mit Tränke,538462,
TRINKBRUNNENOGD.538463,POINT (16.360126956323686 48.186575455559506),Trinkbrunnen mit Tränke,538463,
TRINKBRUNNENOGD.538464,POINT (16.3436887136164 48.193690485811075),Trinkbrunnen mit Tränke,538464,
TRINKBRUNNENOGD.538465,POINT (16.343921885357528 48.19381801434218),Trinkbrunnen,538465,
TRINKBRUNNENOGD.538466,POINT (16.342088980009635 48.19346778790647),Trinkbrunnen mit Tränke,538466,
TRINKBRUNNENOGD.538467,POINT (16.34238791552402 48.19410496879608),Trinkbrunnen mit Tränke,538467,
TRINKBRUNNENOGD.538468,POINT (16.394144752965364 48.17172823422938),Trinkbrunnen,538468,
TRINKBRUNNENOGD.538469,POINT (16.38269666577881 48.277200423748795),Trinkbrunnen,538469,
TRINKBRUNNENOGD.538470,POINT (16.417804691652343 48.1674390326221),Trinkbrunnen mit Tränke,538470,
TRINKBRUNNENOGD.538471,POINT (16.30227160095299 48.19241919196354),Trinkbrunnen mit Tränke,538471,
TRINKBRUNNENOGD.538472,POINT (16.386379031495697 48.172137974178675),Trinkbrunnen,538472,
TRINKBRUNNENOGD.538473,POINT (16.384403835560377 48.175931474270584),Trinkbrunnen mit Tränke,538473,
TRINKBRUNNENOGD.538474,POINT (16.379369452413894 48.17668208229013),Trinkbrunnen mit Tränke,538474,
TRINKBRUNNENOGD.538475,POINT (16.375347588134385 48.17844533714429),Trinkbrunnen mit Tränke,538475,
TRINKBRUNNENOGD.538476,POINT (16.417169806306973 48.18047149601255),Trinkbrunnen mit Tränke,538476,
TRINKBRUNNENOGD.538477,POINT (16.415263183983054 48.18101943714596),Trinkbrunnen mit Tränke,538477,
TRINKBRUNNENOGD.538478,POINT (16.377671146030313 48.17397986582243),Trinkbrunnen mit Tränke,538478,
TRINKBRUNNENOGD.538479,POINT (16.379028315852796 48.17374205756687),Trinkbrunnen mit Tränke,538479,
TRINKBRUNNENOGD.538480,POINT (16.38167791365964 48.16430673781114),Trinkbrunnen,538480,
TRINKBRUNNENOGD.538481,POINT (16.379582588919664 48.16562626408045),Trinkbrunnen mit Tränke,538481,
TRINKBRUNNENOGD.538482,POINT (16.413910301855367 48.17633894938706),Trinkbrunnen mit Tränke,538482,
TRINKBRUNNENOGD.538483,POINT (16.3601740055994 48.17682495572226),Trinkbrunnen,538483,
TRINKBRUNNENOGD.538484,POINT (16.471799203767933 48.16013993527598),Trinkbrunnen mit Tränke,538484,
TRINKBRUNNENOGD.538485,POINT (16.351686158966444 48.16559877131498),Trinkbrunnen mit Tränke,538485,
TRINKBRUNNENOGD.538486,POINT (16.351970412200988 48.16583860280155),Trinkbrunnen,538486,
TRINKBRUNNENOGD.538487,POINT (16.37337394423607 48.170067018214795),Trinkbrunnen,538487,
TRINKBRUNNENOGD.538488,POINT (16.36759125987492 48.16643242450694),Trinkbrunnen mit Tränke,538488,
TRINKBRUNNENOGD.538489,POINT (16.36871561649161 48.17809881747989),Trinkbrunnen mit Tränke,538489,
TRINKBRUNNENOGD.538490,POINT (16.35162988757262 48.15336331717165),Trinkbrunnen mit Tränke,538490,
TRINKBRUNNENOGD.538491,POINT (16.356423716360734 48.15327908942312),Trinkbrunnen mit Tränke,538491,
TRINKBRUNNENOGD.538492,POINT (16.39227028479222 48.140078381397736),Trinkbrunnen mit Tränke,538492,
TRINKBRUNNENOGD.538493,POINT (16.384593852698835 48.217985054777394),Spielbrunnen,538493,
TRINKBRUNNENOGD.538494,POINT (16.356510235367217 48.19410824144498),Trinkbrunnen,538494,
TRINKBRUNNENOGD.538495,POINT (16.356288598883072 48.19386863529171),Trinkbrunnen mit Tränke,538495,
TRINKBRUNNENOGD.538496,POINT (16.380964370309407 48.154396426885675),Trinkbrunnen,538496,
TRINKBRUNNENOGD.538497,POINT (16.394204592750736 48.15438298986079),Trinkbrunnen mit Tränke,538497,
TRINKBRUNNENOGD.538498,POINT (16.41530707023691 48.179277130253475),Trinkbrunnen,538498,
TRINKBRUNNENOGD.538499,POINT (16.384550450632382 48.15585141397047),Trinkbrunnen,538499,
TRINKBRUNNENOGD.538500,POINT (16.420787775771736 48.17950402038552),Trinkbrunnen mit Tränke,538500,
TRINKBRUNNENOGD.538501,POINT (16.387831758582568 48.15782977470155),Trinkbrunnen mit Tränke,538501,
TRINKBRUNNENOGD.538502,POINT (16.364805407754684 48.234860220944036),Trinkbrunnen mit Tränke,538502,
TRINKBRUNNENOGD.538503,POINT (16.276058705195318 48.19634041871173),Trinkbrunnen,538503,
TRINKBRUNNENOGD.538504,POINT (16.275336360520814 48.196858043983724),Trinkbrunnen mit Tränke,538504,
TRINKBRUNNENOGD.538505,POINT (16.274195932545485 48.197305545372764),Trinkbrunnen,538505,
TRINKBRUNNENOGD.538506,POINT (16.384248090518973 48.23889640921013),Trinkbrunnen mit Tränke,538506,
TRINKBRUNNENOGD.538510,POINT (16.425791527211707 48.16725034938612),Trinkbrunnen mit Tränke,538510,
TRINKBRUNNENOGD.538511,POINT (16.37352212559486 48.234221211537836),Trinkbrunnen,538511,
TRINKBRUNNENOGD.538512,POINT (16.376886486825324 48.2370922354854),Spielbrunnen,538512,
TRINKBRUNNENOGD.538513,POINT (16.378636076994116 48.24000600518917),Trinkbrunnen mit Tränke,538513,
TRINKBRUNNENOGD.538514,POINT (16.369326707096658 48.22645451008798),Trinkbrunnen mit Tränke,538514,
TRINKBRUNNENOGD.538515,POINT (16.36763547814964 48.23556890088667),Trinkbrunnen mit Tränke,538515,
TRINKBRUNNENOGD.538516,POINT (16.317260016672797 48.148649613246064),Trinkbrunnen,538516,
TRINKBRUNNENOGD.538517,POINT (16.37658549856031 48.23190191224943),Trinkbrunnen,538517,
TRINKBRUNNENOGD.538518,POINT (16.420117240690484 48.13217868213552),Trinkbrunnen mit Tränke,538518,
TRINKBRUNNENOGD.538519,POINT (16.368255894835453 48.24019275097479),Spielbrunnen,538519,
TRINKBRUNNENOGD.538520,POINT (16.363300164019602 48.23070766230279),Trinkbrunnen,538520,
TRINKBRUNNENOGD.538521,POINT (16.313847822896857 48.130896285855194),Trinkbrunnen mit Tränke,538521,
TRINKBRUNNENOGD.538522,POINT (16.269874383184764 48.15127206742004),Trinkbrunnen,538522,
TRINKBRUNNENOGD.538523,POINT (16.292012054120416 48.14814981596707),Trinkbrunnen mit Tränke,538523,
TRINKBRUNNENOGD.538524,POINT (16.321060519056584 48.21275062865428),Trinkbrunnen,538524,
TRINKBRUNNENOGD.538525,POINT (16.2915222132062 48.23371458329551),Trinkbrunnen,538525,
TRINKBRUNNENOGD.538526,POINT (16.244798620969505 48.207729643229996),Trinkbrunnen,538526,
TRINKBRUNNENOGD.538527,POINT (16.36441351733302 48.21778057986741),Trinkbrunnen mit Tränke,538527,
TRINKBRUNNENOGD.538528,POINT (16.31468117962156 48.206701142359734),Trinkbrunnen,538528,
TRINKBRUNNENOGD.538529,POINT (16.31429983501017 48.206420744435796),Trinkbrunnen,538529,
TRINKBRUNNENOGD.538530,POINT (16.315159671742872 48.206376871491635),Trinkbrunnen,538530,
TRINKBRUNNENOGD.538531,POINT (16.359642381251508 48.21590241493206),Trinkbrunnen mit Tränke,538531,
TRINKBRUNNENOGD.538532,POINT (16.48883583492906 48.21272932353992),Trinkbrunnen,538532,
TRINKBRUNNENOGD.538533,POINT (16.45161224414021 48.22424587301304),Trinkbrunnen,538533,
TRINKBRUNNENOGD.538534,POINT (16.45161224414021 48.22424587301304),Trinkbrunnen,538534,
TRINKBRUNNENOGD.538535,POINT (16.33559355025257 48.21329294258474),Trinkbrunnen,538535,
TRINKBRUNNENOGD.538536,POINT (16.33515266013092 48.21362862799617),Trinkbrunnen,538536,
TRINKBRUNNENOGD.538537,POINT (16.325815665080583 48.24468677817819),Trinkbrunnen,538537,
TRINKBRUNNENOGD.538538,POINT (16.316889545017194 48.221267873925534),Trinkbrunnen,538538,
TRINKBRUNNENOGD.538539,POINT (16.285849515131545 48.19644198581011),Trinkbrunnen,538539,
TRINKBRUNNENOGD.538540,POINT (16.31350225520396 48.200112872458945),Trinkbrunnen mit Tränke,538540,
TRINKBRUNNENOGD.538541,POINT (16.352061159937904 48.16938586701425),Trinkbrunnen,538541,
TRINKBRUNNENOGD.538542,POINT (16.3521835012002 48.20267012365575),Spielbrunnen,538542,
TRINKBRUNNENOGD.538543,POINT (16.346507916794124 48.20456301336059),Trinkbrunnen mit Tränke,538543,
TRINKBRUNNENOGD.538544,POINT (16.33852879204285 48.2014259727727),Trinkbrunnen,538544,
TRINKBRUNNENOGD.538545,POINT (16.340660640858403 48.2076152016557),Trinkbrunnen,538545,
TRINKBRUNNENOGD.538546,POINT (16.347333796425993 48.19889547636617),Trinkbrunnen,538546,
TRINKBRUNNENOGD.538547,POINT (16.34534635124571 48.20883785818841),Trinkbrunnen,538547,
TRINKBRUNNENOGD.538548,POINT (16.358708910976215 48.22346105697215),Trinkbrunnen mit Tränke,538548,
TRINKBRUNNENOGD.538507,POINT (16.466199996002235 48.151760646652185),Trinkbrunnen mit Tränke,538507,
TRINKBRUNNENOGD.538508,POINT (16.367949218624403 48.234924065876285),Spielbrunnen,538508,
TRINKBRUNNENOGD.538509,POINT (16.429057438450915 48.1651945148396),Trinkbrunnen mit Tränke,538509,
TRINKBRUNNENOGD.538549,POINT (16.353315745124238 48.21602076403425),Trinkbrunnen,538549,
TRINKBRUNNENOGD.538550,POINT (16.352525101663023 48.2297288425129),Trinkbrunnen,538550,
TRINKBRUNNENOGD.538551,POINT (16.41516492809119 48.2914334776787),Trinkbrunnen,538551,
TRINKBRUNNENOGD.538552,POINT (16.319376809653313 48.158767311007225),Trinkbrunnen,538552,
TRINKBRUNNENOGD.538553,POINT (16.42165761532889 48.28013859189132),Trinkbrunnen,538553,
TRINKBRUNNENOGD.538554,POINT (16.448775798538428 48.269252205115386),Trinkbrunnen,538554,
TRINKBRUNNENOGD.538555,POINT (16.450026870762642 48.27041777395096),Trinkbrunnen,538555,
TRINKBRUNNENOGD.538556,POINT (16.45485873098985 48.27019944613227),Trinkbrunnen,538556,
TRINKBRUNNENOGD.538557,POINT (16.41243289220904 48.27760095033665),Trinkbrunnen,538557,
TRINKBRUNNENOGD.538558,POINT (16.53476307847032 48.2292515002115),Trinkbrunnen mit Tränke,538558,
TRINKBRUNNENOGD.538559,POINT (16.389209727041298 48.29539139957455),Trinkbrunnen,538559,
TRINKBRUNNENOGD.538560,POINT (16.318509248220597 48.24554860836681),Trinkbrunnen mit Tränke,538560,
TRINKBRUNNENOGD.538561,POINT (16.312903988463045 48.24998691326899),Trinkbrunnen mit Tränke,538561,
TRINKBRUNNENOGD.538562,POINT (16.357713196159594 48.24326475827576),Trinkbrunnen mit Tränke,538562,
TRINKBRUNNENOGD.538563,POINT (16.344010474090627 48.24561210449646),Trinkbrunnen,538563,
TRINKBRUNNENOGD.538564,POINT (16.341368893791984 48.253405432637635),Trinkbrunnen,538564,
TRINKBRUNNENOGD.538565,POINT (16.33720169134449 48.25067785924503),Trinkbrunnen,538565,
TRINKBRUNNENOGD.538566,POINT (16.320495080806396 48.241009077101225),Trinkbrunnen mit Tränke,538566,
TRINKBRUNNENOGD.538567,POINT (16.40584910461515 48.204894084278656),Trinkbrunnen mit Tränke,538567,
TRINKBRUNNENOGD.538568,POINT (16.405859333000045 48.206162106804236),Trinkbrunnen,538568,
TRINKBRUNNENOGD.538569,POINT (16.362099448939215 48.256616433533445),Trinkbrunnen mit Tränke,538569,
TRINKBRUNNENOGD.538570,POINT (16.3533273811126 48.258351088841835),Trinkbrunnen mit Tränke,538570,
TRINKBRUNNENOGD.538571,POINT (16.366707032410783 48.25391233752436),Trinkbrunnen,538571,
TRINKBRUNNENOGD.538572,POINT (16.407373713269276 48.255295915762694),Trinkbrunnen,538572,
TRINKBRUNNENOGD.538573,POINT (16.399363388250443 48.26151154582127),Trinkbrunnen,538573,
TRINKBRUNNENOGD.538574,POINT (16.342625090580327 48.220792405221154),Trinkbrunnen mit Tränke,538574,
TRINKBRUNNENOGD.538575,POINT (16.33138227263702 48.23463280506239),Trinkbrunnen mit Tränke,538575,
TRINKBRUNNENOGD.538576,POINT (16.333720042590652 48.23424887739913),Trinkbrunnen,538576,
TRINKBRUNNENOGD.538577,POINT (16.336474604499383 48.23467897806456),Trinkbrunnen,538577,
TRINKBRUNNENOGD.538578,POINT (16.402624128760166 48.25086915213185),Trinkbrunnen,538578,
TRINKBRUNNENOGD.538579,POINT (16.40099997603866 48.21313675457972),Trinkbrunnen,538579,
TRINKBRUNNENOGD.538580,POINT (16.322106065087212 48.21874529304009),Trinkbrunnen mit Tränke,538580,
TRINKBRUNNENOGD.538581,POINT (16.421593053110623 48.25443461486457),Trinkbrunnen,538581,
TRINKBRUNNENOGD.538582,POINT (16.33179634020855 48.2106374016502),Trinkbrunnen,538582,
TRINKBRUNNENOGD.538583,POINT (16.28606698627955 48.207921596968625),Trinkbrunnen mit Tränke,538583,
TRINKBRUNNENOGD.538584,POINT (16.33282489359402 48.21357183664729),Trinkbrunnen,538584,
TRINKBRUNNENOGD.538585,POINT (16.33411044935128 48.20598419193358),Trinkbrunnen mit Tränke,538585,
TRINKBRUNNENOGD.538586,POINT (16.334159998396597 48.205726248550526),Trinkbrunnen,538586,
TRINKBRUNNENOGD.538587,POINT (16.33341555407174 48.20876871523401),Trinkbrunnen,538587,
TRINKBRUNNENOGD.538588,POINT (16.44168398247973 48.192563490637184),Trinkbrunnen,538588,
TRINKBRUNNENOGD.538589,POINT (16.318356761512028 48.188913880305506),Trinkbrunnen mit Tränke,538589,
TRINKBRUNNENOGD.538590,POINT (16.47668811599204 48.214159077524535),Trinkbrunnen mit Tränke,538590,
TRINKBRUNNENOGD.538591,POINT (16.309647751035634 48.212709193030896),Trinkbrunnen mit Tränke,538591,
TRINKBRUNNENOGD.538592,POINT (16.309339982234718 48.21276084255946),Trinkbrunnen mit Tränke,538592,
TRINKBRUNNENOGD.538593,POINT (16.3131426469112 48.20916352165886),Trinkbrunnen mit Tränke,538593,
TRINKBRUNNENOGD.538594,POINT (16.312566825824675 48.21561565468225),Trinkbrunnen,538594,
TRINKBRUNNENOGD.538595,POINT (16.307540668622888 48.215827579753714),Trinkbrunnen mit Tränke,538595,
TRINKBRUNNENOGD.538596,POINT (16.372726585834386 48.235436803953284),Trinkbrunnen mit Tränke,538596,
TRINKBRUNNENOGD.538597,POINT (16.325835663707466 48.18703692438767),Trinkbrunnen,538597,
TRINKBRUNNENOGD.538598,POINT (16.363280828236167 48.19642373216894),Trinkbrunnen mit Tränke,538598,
TRINKBRUNNENOGD.538599,POINT (16.345721660670787 48.20057101955573),Trinkbrunnen mit Tränke,538599,
TRINKBRUNNENOGD.538600,POINT (16.398340145393863 48.14689816540927),Trinkbrunnen,538600,
TRINKBRUNNENOGD.538601,POINT (16.400889515610924 48.14799919239924),Trinkbrunnen mit Tränke,538601,
TRINKBRUNNENOGD.538602,POINT (16.39899863685725 48.15025609286673),Trinkbrunnen mit Tränke,538602,
TRINKBRUNNENOGD.538603,POINT (16.39901984290479 48.15088692842246),Trinkbrunnen mit Tränke,538603,
TRINKBRUNNENOGD.538604,POINT (16.401457922996798 48.15061826367499),Trinkbrunnen mit Tränke,538604,
TRINKBRUNNENOGD.538605,POINT (16.40683966605696 48.14556370919217),Trinkbrunnen mit Tränke,538605,
TRINKBRUNNENOGD.538606,POINT (16.326058435623935 48.1885859154258),Trinkbrunnen mit Tränke,538606,
TRINKBRUNNENOGD.538607,POINT (16.33763896526991 48.19351946020116),Trinkbrunnen,538607,
TRINKBRUNNENOGD.538608,POINT (16.313036851041147 48.22031106695876),Trinkbrunnen,538608,
TRINKBRUNNENOGD.538609,POINT (16.319233105557814 48.2104044386332),Trinkbrunnen,538609,
TRINKBRUNNENOGD.538610,POINT (16.315417634930828 48.20414379951945),Trinkbrunnen,538610,
TRINKBRUNNENOGD.538611,POINT (16.526103997067402 48.21450904566454),Trinkbrunnen mit Tränke,538611,
TRINKBRUNNENOGD.538612,POINT (16.287505551143767 48.16782604098769),Trinkbrunnen,538612,
TRINKBRUNNENOGD.538613,POINT (16.441610572020558 48.15609129784969),Trinkbrunnen,538613,
TRINKBRUNNENOGD.538614,POINT (16.47997290033075 48.2415956456854),Trinkbrunnen mit Tränke,538614,
TRINKBRUNNENOGD.538615,POINT (16.30583535692576 48.197837444364225),Trinkbrunnen mit Tränke,538615,
TRINKBRUNNENOGD.538616,POINT (16.315252333516348 48.191284405705474),Trinkbrunnen mit Tränke,538616,
TRINKBRUNNENOGD.538617,POINT (16.39217182593784 48.2630527333218),Trinkbrunnen mit Tränke,538617,
TRINKBRUNNENOGD.538618,POINT (16.291961911709503 48.163363300575085),Trinkbrunnen,538618,
TRINKBRUNNENOGD.538619,POINT (16.405721926687498 48.27657907668249),Trinkbrunnen mit Tränke,538619,
TRINKBRUNNENOGD.538620,POINT (16.390199169873167 48.235977466215736),Trinkbrunnen,538620,
TRINKBRUNNENOGD.538621,POINT (16.343973541366996 48.21393881261693),Trinkbrunnen,538621,
TRINKBRUNNENOGD.538622,POINT (16.394059250515618 48.218935398956575),Trinkbrunnen mit Tränke,538622,
TRINKBRUNNENOGD.538623,POINT (16.396184996685896 48.21971755886228),Trinkbrunnen,538623,
TRINKBRUNNENOGD.538624,POINT (16.424761634629498 48.157399144135375),Trinkbrunnen,538624,
TRINKBRUNNENOGD.538625,POINT (16.390497779190277 48.14247108176746),Trinkbrunnen,538625,
TRINKBRUNNENOGD.538626,POINT (16.41463227862987 48.21478373117615),Trinkbrunnen mit Tränke,538626,
TRINKBRUNNENOGD.538627,POINT (16.30926232611743 48.24124704979156),Trinkbrunnen,538627,
TRINKBRUNNENOGD.538628,POINT (16.38848751021488 48.25717332322341),Trinkbrunnen mit Tränke,538628,
TRINKBRUNNENOGD.538629,POINT (16.337882083013497 48.20037840882655),Trinkbrunnen mit Tränke,538629,
TRINKBRUNNENOGD.538630,POINT (16.367261822170885 48.22338146761232),Trinkbrunnen mit Tränke,538630,
TRINKBRUNNENOGD.538631,POINT (16.36752474263065 48.223652863258025),Trinkbrunnen mit Tränke,538631,
TRINKBRUNNENOGD.538635,POINT (16.31887765011269 48.188856354213286),Trinkbrunnen mit Tränke,538635,
TRINKBRUNNENOGD.538636,POINT (16.26837226131009 48.18236817847921),Trinkbrunnen mit Tränke,538636,
TRINKBRUNNENOGD.538637,POINT (16.339592729416825 48.25704827534404),Trinkbrunnen mit Tränke,538637,
TRINKBRUNNENOGD.538638,POINT (16.33582094504264 48.22829282724964),Trinkbrunnen mit Tränke,538638,
TRINKBRUNNENOGD.538639,POINT (16.347777063163512 48.249679446237316),Trinkbrunnen,538639,
TRINKBRUNNENOGD.538640,POINT (16.257540438530523 48.16598724208697),Trinkbrunnen,538640,
TRINKBRUNNENOGD.538641,POINT (16.40331706364987 48.18771961860221),Trinkbrunnen,538641,
TRINKBRUNNENOGD.538642,POINT (16.346017117765978 48.22373124208129),Trinkbrunnen,538642,
TRINKBRUNNENOGD.538643,POINT (16.38890890276312 48.20244396145646),Trinkbrunnen,538643,
TRINKBRUNNENOGD.538644,POINT (16.304709155861687 48.21411986775728),Trinkbrunnen mit Tränke,538644,
TRINKBRUNNENOGD.538645,POINT (16.40737063902645 48.246847226011546),Trinkbrunnen,538645,
TRINKBRUNNENOGD.538646,POINT (16.387382170798922 48.26261053796606),Trinkbrunnen,538646,
TRINKBRUNNENOGD.538647,POINT (16.47553148877766 48.21247083058467),Trinkbrunnen,538647,
TRINKBRUNNENOGD.538648,POINT (16.49119348153431 48.22596860823515),Trinkbrunnen,538648,
TRINKBRUNNENOGD.538649,POINT (16.482140919184577 48.21736861632356),Trinkbrunnen,538649,
TRINKBRUNNENOGD.538650,POINT (16.490876226437813 48.27776152683905),Trinkbrunnen,538650,
TRINKBRUNNENOGD.538651,POINT (16.47698553594116 48.21883196377138),Trinkbrunnen,538651,
TRINKBRUNNENOGD.538652,POINT (16.472391861224995 48.24603231278911),Trinkbrunnen,538652,
TRINKBRUNNENOGD.538653,POINT (16.490544163309348 48.21451297032471),Trinkbrunnen,538653,
TRINKBRUNNENOGD.538654,POINT (16.484539180149955 48.22126338022302),Trinkbrunnen,538654,
TRINKBRUNNENOGD.538655,POINT (16.52447729006859 48.213118529595725),Trinkbrunnen,538655,
TRINKBRUNNENOGD.538656,POINT (16.525256122565512 48.2179474301525),Trinkbrunnen,538656,
TRINKBRUNNENOGD.538657,POINT (16.475308933640125 48.21415855298895),Trinkbrunnen,538657,
TRINKBRUNNENOGD.538658,POINT (16.445079095822756 48.27165455590254),Spielbrunnen,538658,
TRINKBRUNNENOGD.538659,POINT (16.420374626434857 48.2974003700152),Trinkbrunnen mit Tränke,538659,
TRINKBRUNNENOGD.538660,POINT (16.416675694247225 48.2947107187354),Trinkbrunnen,538660,
TRINKBRUNNENOGD.538661,POINT (16.41721436483248 48.2946288179103),Trinkbrunnen,538661,
TRINKBRUNNENOGD.538662,POINT (16.423564014114344 48.25901710994267),Trinkbrunnen,538662,
TRINKBRUNNENOGD.538663,POINT (16.39429630508323 48.21944749083968),Trinkbrunnen mit Tränke,538663,
TRINKBRUNNENOGD.538664,POINT (16.44257473176676 48.25316820753218),Trinkbrunnen,538664,
TRINKBRUNNENOGD.538665,POINT (16.338461908594358 48.202003196521474),Spielbrunnen,538665,
TRINKBRUNNENOGD.538666,POINT (16.33761766715908 48.24479559452253),Spielbrunnen,538666,
TRINKBRUNNENOGD.538667,POINT (16.425740013316346 48.1765207403398),Trinkbrunnen mit Tränke,538667,
TRINKBRUNNENOGD.538668,POINT (16.324774628178282 48.234063312553275),Trinkbrunnen mit Tränke,538668,
TRINKBRUNNENOGD.538669,POINT (16.334753420610234 48.22675905337882),Spielbrunnen,538669,
TRINKBRUNNENOGD.538670,POINT (16.394215600692227 48.252447976482),Spielbrunnen,538670,
TRINKBRUNNENOGD.538671,POINT (16.393625960219698 48.19007337760511),Trinkbrunnen,538671,
TRINKBRUNNENOGD.538632,POINT (16.35121357809061 48.20746204964263),Trinkbrunnen,538632,
TRINKBRUNNENOGD.538633,POINT (16.34294750735582 48.20751984767523),Trinkbrunnen,538633,
TRINKBRUNNENOGD.538634,POINT (16.31698656843766 48.18871539697387),Trinkbrunnen mit Tränke,538634,
TRINKBRUNNENOGD.538672,POINT (16.411053553450696 48.16919357549835),Trinkbrunnen mit Tränke,538672,
TRINKBRUNNENOGD.538673,POINT (16.34889608836167 48.21681431410457),Trinkbrunnen,538673,
TRINKBRUNNENOGD.538674,POINT (16.45321590336439 48.237550380448866),Trinkbrunnen,538674,
TRINKBRUNNENOGD.538675,POINT (16.38574944477498 48.237888521549486),Auslaufbrunnen,538675,
TRINKBRUNNENOGD.538676,POINT (16.375575547456332 48.19087125851773),Trinkbrunnen mit Tränke,538676,
TRINKBRUNNENOGD.538677,POINT (16.325950782390866 48.16651302208272),Trinkbrunnen,538677,
TRINKBRUNNENOGD.538678,POINT (16.37865564265918 48.20444103069075),Trinkbrunnen,538678,
TRINKBRUNNENOGD.538679,POINT (16.438028336112843 48.26992765159322),Trinkbrunnen mit Tränke,538679,
TRINKBRUNNENOGD.538680,POINT (16.398773780284536 48.252479487153124),Trinkbrunnen,538680,
TRINKBRUNNENOGD.538681,POINT (16.3932870020647 48.251557693933805),Trinkbrunnen,538681,
TRINKBRUNNENOGD.538682,POINT (16.472492336667145 48.245810400781814),Spielbrunnen,538682,
TRINKBRUNNENOGD.538683,POINT (16.443725304602303 48.16100069940292),Hundetrinkbrunnen,538683,
TRINKBRUNNENOGD.538684,POINT (16.34980602074083 48.23246312114624),Hundetrinkbrunnen,538684,
TRINKBRUNNENOGD.538685,POINT (16.347979910721104 48.23163313871852),Trinkbrunnen,538685,
TRINKBRUNNENOGD.538686,POINT (16.33764245285898 48.25827626726721),Trinkbrunnen mit Tränke,538686,
TRINKBRUNNENOGD.538687,POINT (16.280493372634577 48.13599906835934),Trinkbrunnen mit Tränke,538687,
TRINKBRUNNENOGD.538688,POINT (16.282406924373262 48.13532230146254),Trinkbrunnen mit Tränke,538688,
TRINKBRUNNENOGD.538689,POINT (16.281845049635663 48.13553309779887),Trinkbrunnen mit Tränke,538689,
TRINKBRUNNENOGD.538690,POINT (16.38684683357747 48.15273011009428),Trinkbrunnen,538690,
TRINKBRUNNENOGD.538691,POINT (16.370801100548796 48.2353225372045),Trinkbrunnen mit Tränke,538691,
TRINKBRUNNENOGD.538692,POINT (16.359446189046412 48.21191314140926),Trinkbrunnen,538692,
TRINKBRUNNENOGD.538693,POINT (16.359289020511454 48.211855081893596),Spielbrunnen,538693,
TRINKBRUNNENOGD.538694,POINT (16.39631376095996 48.22594097014825),Trinkbrunnen mit Tränke,538694,
TRINKBRUNNENOGD.538695,POINT (16.363961511422048 48.19237599277395),Trinkbrunnen mit Tränke,538695,
TRINKBRUNNENOGD.538696,POINT (16.382350757152516 48.16949598226187),Trinkbrunnen mit Tränke,538696,
TRINKBRUNNENOGD.538697,POINT (16.419391336266745 48.17388431553733),Trinkbrunnen mit Tränke,538697,
TRINKBRUNNENOGD.538698,POINT (16.46113814897758 48.234142139460694),Trinkbrunnen,538698,
TRINKBRUNNENOGD.538699,POINT (16.38962304315314 48.2563781738836),Spielbrunnen,538699,
TRINKBRUNNENOGD.538700,POINT (16.42904371127854 48.16955595431751),Trinkbrunnen mit Tränke,538700,
TRINKBRUNNENOGD.538701,POINT (16.40579324602902 48.27436150648512),Trinkbrunnen mit Tränke,538701,
TRINKBRUNNENOGD.538702,POINT (16.392123061548993 48.26081452375715),Trinkbrunnen,538702,
TRINKBRUNNENOGD.538703,POINT (16.39205494335216 48.1917845073643),Trinkbrunnen,538703,
TRINKBRUNNENOGD.538704,POINT (16.33064517728694 48.245921110890144),Trinkbrunnen mit Tränke,538704,
TRINKBRUNNENOGD.538705,POINT (16.35331574488417 48.216020049976976),Trinkbrunnen,538705,
TRINKBRUNNENOGD.538706,POINT (16.491549118994826 48.24746015402398),Spielbrunnen,538706,
TRINKBRUNNENOGD.538707,POINT (16.491946813553337 48.248291513109045),Trinkbrunnen,538707,
TRINKBRUNNENOGD.538708,POINT (16.249796227446453 48.21818665786625),Trinkbrunnen,538708,
TRINKBRUNNENOGD.538709,POINT (16.334679863626487 48.18447019657404),Trinkbrunnen,538709,
TRINKBRUNNENOGD.538710,POINT (16.30709084222748 48.24769405288335),Trinkbrunnen,538710,
TRINKBRUNNENOGD.538711,POINT (16.301778349186247 48.24303621782746),Trinkbrunnen,538711,
TRINKBRUNNENOGD.538712,POINT (16.294683812314904 48.143488951868854),Trinkbrunnen,538712,
TRINKBRUNNENOGD.538713,POINT (16.512367280695116 48.162033274335585),Trinkbrunnen,538713,
TRINKBRUNNENOGD.538129,POINT (16.383984438313828 48.16786112327462),Trinkbrunnen mit Tränke,538129,
TRINKBRUNNENOGD.538130,POINT (16.354152052409244 48.17481044089911),Trinkbrunnen mit Tränke,538130,
TRINKBRUNNENOGD.538131,POINT (16.368652339078043 48.1745425123145),Trinkbrunnen mit Tränke,538131,
TRINKBRUNNENOGD.538132,POINT (16.368630256104314 48.1746783855938),Trinkbrunnen mit Tränke,538132,
TRINKBRUNNENOGD.538133,POINT (16.35472322071361 48.17563029729912),Trinkbrunnen mit Tränke,538133,
TRINKBRUNNENOGD.538134,POINT (16.403006077781306 48.164852461226744),Trinkbrunnen mit Tränke,538134,
TRINKBRUNNENOGD.538135,POINT (16.33237870601877 48.20402260084027),Trinkbrunnen mit Tränke,538135,
TRINKBRUNNENOGD.538136,POINT (16.33199651920975 48.20350361832324),Trinkbrunnen,538136,
TRINKBRUNNENOGD.538137,POINT (16.357999926114662 48.227048075620246),Trinkbrunnen mit Tränke,538137,
TRINKBRUNNENOGD.538138,POINT (16.351840025945293 48.197874339899684),Trinkbrunnen mit Tränke,538138,
TRINKBRUNNENOGD.538139,POINT (16.35323235354389 48.1979045975061),Trinkbrunnen mit Tränke,538139,
TRINKBRUNNENOGD.538140,POINT (16.35236751198132 48.19796468561233),Trinkbrunnen mit Tränke,538140,
TRINKBRUNNENOGD.538141,POINT (16.32719017640389 48.20988941225773),Trinkbrunnen mit Tränke,538141,
TRINKBRUNNENOGD.538142,POINT (16.368065802972595 48.174704021092616),Spielbrunnen,538142,
TRINKBRUNNENOGD.538143,POINT (16.368110585027214 48.17534914060845),Trinkbrunnen mit Tränke,538143,
TRINKBRUNNENOGD.538144,POINT (16.38472936566927 48.23830654854608),Trinkbrunnen mit Tränke,538144,
TRINKBRUNNENOGD.538145,POINT (16.33872567946265 48.24488485506933),Trinkbrunnen mit Tränke,538145,
TRINKBRUNNENOGD.538146,POINT (16.337717484323157 48.244858749998116),Trinkbrunnen mit Tränke,538146,
TRINKBRUNNENOGD.538147,POINT (16.357135526661743 48.25383035693213),Trinkbrunnen mit Tränke,538147,
TRINKBRUNNENOGD.538148,POINT (16.358135696873987 48.25260084751094),Trinkbrunnen mit Tränke,538148,
TRINKBRUNNENOGD.538149,POINT (16.357521378093708 48.252004546349504),Trinkbrunnen mit Tränke,538149,
TRINKBRUNNENOGD.538150,POINT (16.361858843480185 48.252292180499886),Trinkbrunnen mit Tränke,538150,
TRINKBRUNNENOGD.538151,POINT (16.416730287253714 48.1679451219429),Trinkbrunnen mit Tränke,538151,
TRINKBRUNNENOGD.538152,POINT (16.41631380345807 48.16749597985659),Trinkbrunnen mit Tränke,538152,
TRINKBRUNNENOGD.538153,POINT (16.418608805750534 48.169010649056084),Trinkbrunnen mit Tränke,538153,
TRINKBRUNNENOGD.538154,POINT (16.42482486711692 48.15696218665356),Trinkbrunnen mit Tränke,538154,
TRINKBRUNNENOGD.538155,POINT (16.410973171550456 48.17359029842749),Trinkbrunnen mit Tränke,538155,
TRINKBRUNNENOGD.538156,POINT (16.43054414979012 48.16804019807321),Trinkbrunnen mit Tränke,538156,
TRINKBRUNNENOGD.538157,POINT (16.46021009538201 48.15396214404915),Trinkbrunnen mit Tränke,538157,
TRINKBRUNNENOGD.538158,POINT (16.461597499102037 48.15330648588442),Trinkbrunnen mit Tränke,538158,
TRINKBRUNNENOGD.538159,POINT (16.38297296551801 48.268588239934545),Trinkbrunnen mit Tränke,538159,
TRINKBRUNNENOGD.538160,POINT (16.394006435865577 48.273125605468216),Trinkbrunnen mit Tränke,538160,
TRINKBRUNNENOGD.538161,POINT (16.359235959724153 48.17220464300393),Trinkbrunnen,538161,
TRINKBRUNNENOGD.538162,POINT (16.44791550407697 48.27215365449334),Trinkbrunnen mit Tränke,538162,
TRINKBRUNNENOGD.538163,POINT (16.4490601064426 48.271834226253745),Trinkbrunnen mit Tränke,538163,
TRINKBRUNNENOGD.538164,POINT (16.46981532943602 48.15472038522209),Trinkbrunnen mit Tränke,538164,
TRINKBRUNNENOGD.538165,POINT (16.469362597528885 48.154568148909874),Trinkbrunnen mit Tränke,538165,
TRINKBRUNNENOGD.538166,POINT (16.378045069131044 48.2488411304917),Trinkbrunnen,538166,
TRINKBRUNNENOGD.538167,POINT (16.374139864476017 48.24439244800722),Spielbrunnen,538167,
TRINKBRUNNENOGD.538168,POINT (16.368300594473386 48.170834024416244),Trinkbrunnen,538168,
TRINKBRUNNENOGD.538169,POINT (16.443090732509525 48.25822567480034),Trinkbrunnen mit Tränke,538169,
